feature,missing_count,missing_rate,mean,std,min,q25,median,q75,max,pass_mean,fail_mean,cohen_signed,cohen_abs
sensor_059,7,0.004467134652201659,2.9602414743589747,9.532219593731654,-28.9882,-1.871575,0.9472499999999999,4.385225,168.1455,2.563464217032967,8.515123076923079,0.6318883617175256,0.6318883617175256
sensor_103,2,0.0012763241863433313,-0.009789073482428114,0.0030645488768766076,-0.0329,-0.0118,-0.0101,-0.0082,0.0203,-0.009912662559890486,-0.008052884615384615,0.6137306172722624,0.6137306172722624
sensor_510,2,0.0012763241863433313,55.76350843450479,37.691735602274036,0.0,35.3222,46.9861,64.2487,451.4851,54.44059137577002,74.34794903846154,0.5326253472066259,0.5326253472066259
sensor_348,24,0.015315890236119975,0.02470570317563189,0.011862481313499937,0.0103,0.018,0.0226,0.0273,0.22,0.024290687977762338,0.03044807692307692,0.5233493063613629,0.5233493063613629
sensor_158,1429,0.9119336311423102,1039.6507376811596,406.84881031719414,234.0996,721.67505,1020.30005,1277.750125,2505.2998,1027.4569415384617,1237.7999249999998,0.5189442467340689,0.5189442467340689
sensor_111,1018,0.6496490108487556,231.81889763205828,2.105317916257847,213.0083,230.3738,231.2012,233.0361,236.9546,231.8765227360308,230.82198333333332,-0.503716906683554,0.503716906683554
sensor_431,2,0.0012763241863433313,22.358304920127793,36.39540753203448,0.0,11.059,16.381,21.7652,400.0,21.191220656634744,38.92410291262136,0.4906690470832769,0.4906690470832769
sensor_293,1429,0.9119336311423102,335.55115652173913,137.69248302875377,82.3233,229.80945,317.8671,403.9893,879.226,331.65455461538465,398.87093749999997,0.4895977829103331,0.4895977829103331
sensor_085,1341,0.8557753669432036,0.11278318584070797,0.0029283261097954464,0.1053,0.110725,0.11355000000000001,0.1149,0.1184,0.11285162790697674,0.11144545454545454,-0.4817187610237427,0.4817187610237427
sensor_434,2,0.0012763241863433313,14.733945495207667,34.10885406654277,0.0,7.5507,10.1977,12.7542,400.0,13.719237346101233,29.136890291262137,0.45473574673472505,0.45473574673472505
sensor_430,2,0.0012763241863433313,18.421600063897763,36.06008447354801,0.0,6.9997,11.1056,17.4231,400.0,17.368449863201093,33.37019805825243,0.44632227186392076,0.44632227186392076
sensor_435,2,0.0012763241863433313,9.370665559105431,34.369788819490914,0.0,3.4944,4.5511,5.8228,400.0,8.376003761969903,23.489068932038833,0.4422169456909438,0.4422169456909438
sensor_021,2,0.0012763241863433313,-5618.393610223642,626.8221783421311,-7150.25,-5933.25,-5523.25,-5356.25,0.0,-5636.437585499316,-5362.27427184466,0.4398423132827825,0.4398423132827825
sensor_028,2,0.0012763241863433313,69.49953233226836,3.4611809382184786,59.4,67.3778,69.1556,72.2667,77.9,69.59803235294117,68.10140582524271,-0.4347730102820626,0.4347730102820626
sensor_436,2,0.0012763241863433313,7.513266325878594,34.55780389217089,0.0,1.9509,2.7643,3.8222,400.0,6.5329430232558146,21.42814660194175,0.4333687972508609,0.4333687972508609
sensor_129,9,0.00574345883854499,-0.5542283055198973,1.2204787495960854,-3.779,-0.8988,-0.1419,0.0473,2.458,-0.5879594222833563,-0.08264134615384615,0.41612901788255435,0.41612901788255435
sensor_298,2,0.0012763241863433313,0.06380447284345048,0.06422486764861536,0.0,0.0407,0.0528,0.0692,0.5264,0.06205738714090288,0.08860291262135922,0.41537806221745266,0.41537806221745266
sensor_210,24,0.015315890236119975,0.08886578094620869,0.04206453963808064,0.0319,0.0656,0.0797,0.09945000000000001,0.5164,0.08770653231410702,0.10490576923076925,0.41091091093472754,0.41091091093472754
sensor_163,2,0.0012763241863433313,0.14020447284345047,0.12198898992468678,0.0,0.091,0.12,0.154,0.957,0.13695690834473323,0.18630097087378641,0.406417394548065,0.406417394548065
sensor_124,9,0.00574345883854499,15.794704749679074,0.11414369186392438,15.43,15.7225,15.78,15.87,16.1,15.791836313617608,15.834807692307692,0.3780200528515591,0.3780200528515591
sensor_295,2,0.0012763241863433313,252.99911814696486,283.5307018043663,0.0,130.2203,195.8256,273.9526,2005.8744,246.0590158002736,351.5081436893204,0.3733875223789499,0.3733875223789499
sensor_160,2,0.0012763241863433313,555.3463258785943,574.8085883403089,0.0,295.0,438.0,625.0,4170.0,541.6046511627907,750.3980582524272,0.36460660042202286,0.36460660042202286
sensor_316,1,0.0006381620931716656,5.976977011494252,1.0186291821386317,2.7882,5.301525,5.8315,6.5478000000000005,13.0958,6.00126073871409,5.635603846153846,-0.36029796410700526,0.36029796410700526
sensor_164,2,0.0012763241863433313,0.12794249201277955,0.24253363310452541,0.0,0.068,0.089,0.116,1.817,0.12227633378932969,0.20836893203883497,0.3562417946577164,0.3562417946577164
sensor_299,2,0.0012763241863433313,0.06026683706070288,0.13082538246147596,0.0,0.0302,0.04,0.052,1.0312,0.0572109439124487,0.10364271844660194,0.3561834573317633,0.3561834573317633
sensor_300,2,0.0012763241863433313,0.1183861980830671,0.2191471659850006,0.0,0.0589,0.0828,0.1155,1.8123,0.11345389876880986,0.18839611650485438,0.3430992440811556,0.3430992440811556
sensor_121,9,0.00574345883854499,15.796424903722723,0.0996177237680075,15.46,15.73,15.79,15.86,16.07,15.794160935350757,15.828076923076923,0.3415883678613662,0.3415883678613662
sensor_165,2,0.0012763241863433313,0.2520255591054313,0.4073293242260462,0.0,0.132,0.184,0.255,3.286,0.2429199726402189,0.3812718446601942,0.34075889414066207,0.34075889414066207
sensor_125,9,0.00574345883854499,1.1849557124518615,0.2805546877108019,0.3122,0.9744,1.144,1.338,2.465,1.191248280605227,1.0969807692307691,-0.3370843753120338,0.3370843753120338
sensor_294,2,0.0012763241863433313,401.81475022364225,477.0500761816525,0.0,185.0898,278.6719,428.5545,3933.755,391.41829110807106,549.3839077669903,0.33214636038808965,0.33214636038808965
sensor_026,2,0.0012763241863433313,1.938476805111821,0.18949504806307088,0.0,1.9065,1.9865,2.0032,2.0528,1.9425754445964432,1.8803,-0.3296307861706604,0.3296307861706604
sensor_033,1,0.0006381620931716656,8.960278544061303,1.3444563668120262,7.6032,8.58,8.7698,9.0606,23.3453,8.93126176470588,9.3681875,0.3259489764030168,0.3259489764030168
sensor_180,1,0.0006381620931716656,19.013256704980844,3.3116324160902977,9.4,16.85,18.69,20.9725,48.67,19.082701778385772,18.03701923076923,-0.31664039683920886,0.31664039683920886
sensor_159,2,0.0012763241863433313,882.6805111821086,983.0430214415103,0.0,411.0,623.0,966.0,7791.0,862.2756497948017,1172.3106796116506,0.31625125163372386,0.31625125163372386
sensor_122,9,0.00574345883854499,3.898389602053916,0.9041204721731875,1.671,3.202,3.877,4.392,6.889,3.917335625859698,3.6335096153846154,-0.3147925670255475,0.3147925670255475
sensor_452,1,0.0006381620931716656,5.3468155810983395,0.9191963782506015,2.6709,4.7642,5.27145,5.913,13.9776,5.365711764705882,5.081178846153847,-0.3103702773309429,0.3103702773309429
sensor_079,24,0.015315890236119975,0.0034583279325988325,0.023079647668497637,-0.0568,-0.0108,0.0006,0.0132,0.1013,0.002979082696316886,0.010089423076923076,0.30890189975830196,0.30890189975830196
sensor_130,9,0.00574345883854499,0.7449764441591785,0.08253126367202694,0.4199,0.6887,0.75875,0.8145,0.8884,0.7432802613480054,0.7686903846153847,0.3086993455198454,0.3086993455198454
sensor_064,7,0.004467134652201659,20.54210903846154,4.977467453454667,6.4482,17.364800000000002,20.021349999999998,22.813625,48.9882,20.440290521978024,21.967568269230767,0.3076429159640108,0.3076429159640108
sensor_127,9,0.00574345883854499,0.6484775994865212,0.1354088654417417,0.3161,0.5489,0.6539,0.7135,1.175,0.6511958046767538,0.610475,-0.301479200840843,0.301479200840843
sensor_022,2,0.0012763241863433313,2699.3784345047925,295.49853453043056,0.0,2578.0,2664.0,2841.75,3656.25,2705.15817373461,2617.339805825243,-0.2979025833445671,0.2979025833445671
sensor_247,715,0.4562858966177409,0.053373591549295774,0.06688019872989498,0.0,0.0192,0.027,0.0515,0.4914,0.05174135723431498,0.07132816901408451,0.2936567267092762,0.2936567267092762
sensor_123,9,0.00574345883854499,15.829659820282414,0.10831493753624595,15.17,15.7625,15.83,15.9,16.1,15.827565337001374,15.858942307692306,0.29035013549227234,0.29035013549227234
sensor_437,2,0.0012763241863433313,4.016785495207667,1.6112736720855252,1.1568,3.0707,3.7809,4.6786,32.274,3.9868538987688096,4.441639805825242,0.2828562091843184,0.2828562091843184
sensor_014,3,0.0019144862795149968,9.005370524296675,2.7965955707527526,2.2493,7.094875,8.966999999999999,10.861875,19.5465,9.056840547945205,8.282810576923076,-0.27734787520228804,0.27734787520228804
sensor_114,0,0.0,0.00012252712188895982,0.0016680941765185792,0.0,0.0,0.0,0.0,0.0414,9.200273410799727e-05,0.0005519230769230768,0.27627989523154434,0.27627989523154434
sensor_133,8,0.005105296745373325,1004.0430934573446,6.537701154618075,980.451,999.9961,1004.05,1008.6706,1020.9944,1003.9246225429554,1005.7005471153848,0.2721827359435307,0.2721827359435307
sensor_249,0,0.0,0.0010652201659221443,0.015770787828204697,0.0,0.0,0.0,0.0,0.4138,0.0007857826384142174,0.004996153846153846,0.26747922119704337,0.26747922119704337
sensor_387,0,0.0,0.00033924696873005746,0.0049893344938820305,0.0,0.0,0.0,0.0,0.1309,0.00025105946684894056,0.0015798076923076924,0.26682001506749825,0.26682001506749825
sensor_100,6,0.0038289725590299937,-2.1268417680973738e-05,0.0003555366912193449,-0.003,-0.0002,0.0,0.0002,0.0023,-2.745367192862045e-05,6.538461538461539e-05,0.26159336265883715,0.26159336265883715
sensor_557,260,0.16592214422463306,1.6230700076511093,1.8704334384919217,0.1646,1.1829,1.5298,1.8156,54.2917,1.5912058149058148,2.0754674418604653,0.25933953886812483,0.25933953886812483
sensor_554,260,0.16592214422463306,0.5036574598316756,0.5988519979364184,0.052,0.3438,0.4789,0.56235,17.4781,0.4934769041769042,0.6481976744186047,0.25879524755134053,0.25879524755134053
sensor_551,260,0.16592214422463306,1.2307115531752104,1.3611173002144201,0.12,0.87,1.15,1.37,39.33,1.2075757575757575,1.5591860465116278,0.25875749714790064,0.25875749714790064
sensor_056,4,0.0025526483726866626,0.9288493282149711,0.006807361515537244,0.8755,0.92545,0.931,0.9331,0.9378,0.928733698630137,0.930488349514563,0.2582042042071367,0.2582042042071367
sensor_220,1341,0.8557753669432036,0.00921283185840708,0.0019890062148504874,0.0057,0.0078,0.00895,0.0103,0.024,0.00923767441860465,0.008727272727272728,-0.2564335078354884,0.2564335078354884
sensor_519,715,0.4562858966177409,11.728439906103286,15.814419874330685,0.0,4.1603,5.83295,10.97185,184.3488,11.393324455825862,15.41470985915493,0.2547672612271679,0.2547672612271679
sensor_460,1,0.0006381620931716656,29.197413601532567,13.335188892539882,7.9534,20.22185,26.16785,35.278800000000004,149.3851,28.98199001367989,32.225772115384615,0.2436196473678082,0.2436196473678082
sensor_200,7,0.004467134652201659,17.60019230769231,8.690718499196093,3.21,14.155000000000001,17.235,20.1625,199.62,17.459471153846152,19.570288461538464,0.24325101994930856,0.24325101994930856
sensor_095,6,0.0038289725590299937,6.0025624599615635e-05,0.00010440797375672332,-0.0009,0.0,0.0,0.0001,0.0009,5.8339052848318466e-05,8.365384615384616e-05,0.2428271615665148,0.2428271615665148
sensor_063,7,0.004467134652201659,13.989926987179485,7.119863108210895,1.6591,10.3643,13.24605,16.3761,188.0923,13.875941071428569,15.585729807692307,0.24049860777018756,0.24049860777018756
sensor_471,6,0.0038289725590299937,9.63879679692505,10.174117047695473,2.4026,5.8073,7.396,9.7202,212.6557,9.476705078929307,11.909639423076923,0.23947956095958192,0.23947956095958192
sensor_110,1018,0.6496490108487556,101.31825282331512,1.8800873187169334,88.1938,100.389,101.4817,102.0781,106.9227,101.2937310211946,101.74248000000001,0.23881962939309145,0.23881962939309145
sensor_455,1,0.0006381620931716656,3.636633461047254,0.9383721211041947,0.6948,2.8996750000000002,3.7245,4.341925,10.184,3.6225541039671683,3.834556730769231,0.2262122295715047,0.2262122295715047
sensor_477,6,0.0038289725590299937,6.257921460602177,10.185026114844831,1.6872,4.1054,5.2422,6.7038,289.8264,6.105093548387098,8.398981730769231,0.2255056008538569,0.2255056008538569
sensor_058,4,0.0025526483726866626,4.593311772232886,0.0850947759010716,4.2199,4.5319,4.5727,4.6686,4.8475,4.592049383561643,4.611205825242719,0.2253988944354604,0.2253988944354604
sensor_197,6,0.0038289725590299937,20.092709801409352,10.552161573356331,9.22,17.13,19.37,21.46,252.87,19.93495538778312,22.302788461538462,0.2246734927601804,0.2246734927601804
sensor_183,1,0.0006381620931716656,26.66117037037037,6.836100919669127,5.014,21.171499999999998,27.200499999999998,31.687,72.947,26.559824076607384,28.08586538461539,0.2235071447684888,0.2235071447684888
sensor_468,7,0.004467134652201659,224.1730472435897,230.76691495133312,0.0,38.472775,150.3401,335.92240000000004,999.877,227.59087953296702,176.3233951923077,-0.22243209418037602,0.22243209418037602
sensor_076,24,0.015315890236119975,-0.02939047310434219,0.03320327939551294,-0.1862,-0.0519,-0.0289,-0.0065,0.0723,-0.02889339819318972,-0.036268269230769236,-0.22238600460329372,0.22238600460329372
sensor_365,2,0.0012763241863433313,0.0051985303514377,0.0026560102450616263,0.0017,0.0038,0.0046,0.0058,0.0368,0.005159479808350445,0.005747115384615384,0.22151355210516208,0.22151355210516208
sensor_126,9,0.00574345883854499,2.7507284980744546,0.2534708152385679,2.34,2.572,2.735,2.873,3.991,2.7469958734525446,2.802913461538462,0.22087203623571194,0.22087203623571194
sensor_511,2,0.0012763241863433313,275.97945674121405,329.66468041158004,0.0,0.0,0.0,555.2941,1000.0,271.14984818617387,343.82616923076927,0.2207179988234282,0.2207179988234282
sensor_065,7,0.004467134652201659,27.131815576923074,7.121703093956383,4.308,23.056425,26.26145,29.91495,118.0836,27.027495535714284,28.592296153846153,0.21998320227714455,0.21998320227714455
sensor_550,260,0.16592214422463306,17.013312930374905,4.966953947064532,6.11,14.53,16.34,19.035,131.68,16.942301392301392,18.021511627906975,0.21751096105034354,0.21751096105034354
sensor_569,273,0.1742182514358647,21.11767403400309,10.213294338381658,3.2504,15.4662,16.98835,24.772175,84.8024,20.981064250411865,23.1907275,0.21656239222932908,0.21656239222932908
sensor_205,6,0.0038289725590299937,9.050121716848174,11.541082734748231,2.3,6.04,7.74,9.94,320.05,8.88474262182567,11.367019230769232,0.21532296320300465,0.21532296320300465
sensor_553,260,0.16592214422463306,7.703873527161439,2.192647285688347,2.786,6.7381,7.4279,8.63715,56.9303,7.672856592956593,8.144241860465117,0.21520837717872984,0.21520837717872984
sensor_337,7,0.004467134652201659,2.3274816025641023,1.6994348058989959,0.0,1.54285,2.05445,2.785475,38.8995,2.3031941620879124,2.6675057692307695,0.2146107039972803,0.2146107039972803
sensor_196,7,0.004467134652201659,8.68848717948718,15.720926221143502,1.75,5.04,6.78,9.555,396.11,8.464258241758243,11.827692307692306,0.21418309757016954,0.21418309757016954
sensor_090,51,0.03254626675175495,8827.536865303431,396.3136618600386,7397.31,8564.689975,8825.435099999999,9065.432400000002,10746.6,8833.289516985138,8748.61942038835,-0.21388316727281273,0.21388316727281273
sensor_319,1,0.0006381620931716656,7.916036079182631,2.17905879570771,1.6574,6.24515,8.3888,9.481100000000001,20.0455,7.88522852257182,8.349119230769231,0.21311761140238822,0.21311761140238822
sensor_575,0,0.0,0.10472916400765793,0.0677911184842199,0.023,0.0751,0.0895,0.11215,0.5502,0.10568195488721806,0.09132596153846155,-0.21199537234286503,0.21199537234286503
sensor_038,1,0.0006381620931716656,86.83657656449553,0.44675558233221313,84.7327,86.5783,86.8207,87.0024,88.4188,86.83031080711353,86.92465865384614,0.21140968204660895,0.21140968204660895
sensor_469,6,0.0038289725590299937,5.66229269698911,3.151684683718798,2.6009,4.8472,5.4724,6.0057,77.8007,5.617964035689774,6.283320192307693,0.21133684327801208,0.21133684327801208
sensor_166,2,0.0012763241863433313,2.7888817891373803,1.119755905743267,0.8,2.1,2.6,3.2,21.1,2.7733242134062928,3.0097087378640777,0.2113260185653046,0.2113260185653046
sensor_157,1429,0.9119336311423102,0.047104347826086954,0.03953765066837538,0.0118,0.027049999999999998,0.03545,0.048875,0.2876,0.04758692307692307,0.039262500000000006,-0.21003061900565614,0.21003061900565614
sensor_032,1,0.0006381620931716656,85.3374687100894,2.026549205778641,83.1829,84.4905,85.13544999999999,85.7419,105.6038,85.30929938440491,85.73346442307692,0.20952213122703905,0.20952213122703905
sensor_068,6,0.0038289725590299937,147.43757764253684,4.240095182952078,87.0255,145.2373,147.5973,149.9591,167.8309,147.49656225120108,146.61122596153845,-0.20901781998486232,0.20901781998486232
sensor_492,1341,0.8557753669432036,8.170942920353982,1.7592622036065415,4.8882,6.92465,8.00895,9.078899999999999,21.0443,8.188857674418605,7.820790909090909,-0.20896391597304162,0.20896391597304162
sensor_070,6,0.0038289725590299937,619.1016865470853,9.539190367164208,581.7773,612.7745,619.0327,625.17,722.6018,619.2342210706933,617.2449288461539,-0.20875468961411142,0.20875468961411142
sensor_199,6,0.0038289725590299937,11.532056374119154,16.44555600285298,2.77,6.74,8.57,11.46,390.12,11.303706245710364,14.731153846153846,0.20862709751938593,0.20862709751938593
sensor_573,0,0.0,0.3456364390555201,0.24847812360739024,0.0667,0.24225,0.2934,0.3669,2.1967,0.3490719070403281,0.29730865384615385,-0.2085353986515802,0.2085353986515802
sensor_040,24,0.015315890236119975,67.9049092676604,24.06294300863671,1.434,74.8,78.29,80.2,86.12,68.23984155663655,63.27060576923077,-0.20672036130976498,0.20672036130976498
sensor_543,2,0.0012763241863433313,0.008470862619808308,0.0015335446409861125,0.0051,0.0078,0.0078,0.009,0.024,0.008491854893908283,0.008175961538461538,-0.2061948954782808,0.2061948954782808
sensor_542,2,0.0012763241863433313,0.11120843450479233,0.002736759413485172,0.1053,0.1096,0.1096,0.1134,0.1184,0.11124565366187543,0.11068557692307694,-0.20485063906654988,0.20485063906654988
sensor_556,260,0.16592214422463306,4.216904514154551,1.2800084208134206,1.4967,3.6251,4.0671,4.7027,35.3198,4.199779524979525,4.460039534883721,0.20350788465039849,0.20350788465039849
sensor_562,273,0.1742182514358647,262.72968315301387,7.630585273216421,242.286,259.9725,264.272,265.707,311.404,262.82556342668863,261.2747,-0.20340845108513814,0.20340845108513814
sensor_280,2,0.0012763241863433313,0.018033546325878592,0.006483010889275725,0.0073,0.0142,0.0169,0.0207,0.0755,0.018120807665982203,0.016807692307692305,-0.20274071210864944,0.20274071210864944
sensor_341,6,0.0038289725590299937,2.732093657911595,3.667901967754305,0.5741,1.9118,2.3773,2.9854,97.7089,2.683375909402883,3.414610576923077,0.199543463413497,0.199543463413497
sensor_577,0,0.0,16.642362858966177,12.485266987951567,4.582,11.50155,13.8179,17.0809,96.9601,16.80752918660287,14.318917307692308,-0.19950611392271897,0.19950611392271897
sensor_031,2,0.0012763241863433313,3.673189392971246,0.5353218337891784,2.0698,3.3627,3.431,3.5313,4.8044,3.6801824213406293,3.573929126213592,-0.19866232558232427,0.19866232558232427
sensor_333,6,0.0038289725590299937,6.215865791159512,3.4034468352849374,2.8372,5.4539,5.9801,6.5495,90.5159,6.171586479066575,6.836201923076923,0.19544658397505021,0.19544658397505021
sensor_547,260,0.16592214422463306,403.54647742922725,5.063887235535019,372.822,400.694,403.122,407.43100000000004,421.702,403.4817182637183,404.4659069767442,0.19450608757282864,0.19450608757282864
sensor_301,2,0.0012763241863433313,0.9101459424920129,0.33198168690319163,0.31,0.7172,0.8604,1.0464,5.711,0.9059264021887824,0.9700388349514562,0.19328050989509543,0.19328050989509543
sensor_433,2,0.0012763241863433313,205.51930440894571,225.77887027188953,0.0,10.0271,151.1156,305.0263,995.7447,202.657510875513,246.14010194174753,0.19274774684404383,0.19274774684404383
sensor_423,3,0.0019144862795149968,77.66044590792839,32.59693287559445,23.02,55.976675,69.90545,92.91149999999999,424.2152,77.24380842465753,83.5093951923077,0.1923733625928081,0.1923733625928081
sensor_281,2,0.0012763241863433313,0.01509405750798722,0.005545481256159795,0.0069,0.0119,0.0139,0.0166,0.0597,0.015164613278576317,0.014102884615384614,-0.19161526379251648,0.19161526379251648
sensor_567,273,0.1742182514358647,0.06008639876352396,0.032760950249756275,0.0091,0.0382,0.04865,0.07527500000000001,0.2932,0.0597004942339374,0.0659425,0.19065918440741814,0.19065918440741814
sensor_565,273,0.1742182514358647,0.1456095054095827,0.08112235463523564,0.0224,0.0877,0.11954999999999999,0.18614999999999998,0.6892,0.14465510708401974,0.1600925,0.19042428735921899,0.19042428735921899
sensor_138,14,0.008934269304403318,57.60302459755312,12.345358058102567,19.8,50.9001,55.9001,62.9001,141.7998,57.44575458937199,59.79421923076923,0.1903847859601696,0.1903847859601696
sensor_188,1,0.0006381620931716656,43.21141826309067,21.71187601683998,6.613,24.711,40.209500000000006,57.67475,191.83,42.93837346101231,47.049798076923075,0.18951334745275522,0.18951334745275522
sensor_411,14,0.008934269304403318,2.6160863490019315,0.5514741690393612,0.9609,2.3213,2.5481,2.8532,6.215,2.6091006211180123,2.713416346153846,0.1893088744341976,0.1893088744341976
sensor_582,1,0.0006381620931716656,0.5000961685823755,0.0034043251020306237,0.4778,0.4979,0.5002,0.502375,0.5098,0.500053488372093,0.5006961538461538,0.18892776303100742,0.18892776303100742
sensor_099,6,0.0038289725590299937,0.0015401024983984631,0.062740393429447,-0.5283,-0.0298,0.0,0.0298,0.8854,0.0007617707618393961,0.012444230769230765,0.1863446003099101,0.1863446003099101
sensor_292,1429,0.9119336311423102,0.01448695652173913,0.011493653126942513,0.0041,0.008725,0.011,0.014924999999999999,0.0831,0.014610769230769231,0.012474999999999998,-0.18531828005356699,0.18531828005356699
sensor_488,24,0.015315890236119975,352.6164769280622,252.04375135066138,0.0,139.91435,348.5294,510.64715,997.5186,355.759291104934,309.1308076923077,-0.18514093663744652,0.18514093663744652
sensor_545,2,0.0012763241863433313,7.611403130990415,1.3155442597144669,4.4294,7.116,7.116,8.0207,21.0443,7.627522861054072,7.3849519230769225,-0.18452414696944588,0.18452414696944588
sensor_203,6,0.0038289725590299937,30.073142729019857,17.461797918207267,7.728,24.653,30.097,33.506,500.349,29.861011393273852,33.04502115384616,0.18247186413817598,0.18247186413817598
sensor_349,24,0.015315890236119975,0.025252235904082956,0.010603207483607125,0.001,0.0196,0.024,0.0286,0.1339,0.02512369701181376,0.02703076923076923,0.17998292076223665,0.17998292076223665
sensor_475,6,0.0038289725590299937,4.2625733504164,2.6111739765726782,1.1011,3.4945,4.2762,4.7418,79.1162,4.231559643102265,4.697063461538462,0.1783931009258177,0.1783931009258177
sensor_145,2,0.0012763241863433313,0.06362140575079872,0.026540583373346135,0.0214,0.048,0.0586,0.0718,0.2507,0.06393230663928816,0.05925384615384615,-0.17638956251246993,0.17638956251246993
sensor_211,24,0.015315890236119975,0.0567549578742709,0.02500514369357546,0.0022,0.0438,0.0532,0.0642,0.3227,0.0564589298123697,0.06085096153846154,0.17575878125902514,0.17575878125902514
sensor_213,24,0.015315890236119975,0.06034614387556708,0.05302956395031068,0.0037,0.0364,0.056,0.0737,1.2837,0.0597189020152884,0.06902499999999999,0.17560211099602338,0.17560211099602338
sensor_143,9,0.00574345883854499,0.004169448010269577,0.00128180932587709,0.0,0.0033,0.0039,0.0049,0.0121,0.0041844566712517205,0.003959615384615384,-0.1755213746824358,0.1755213746824358
sensor_115,0,0.0,747.3837915762605,48.94924986407113,544.0254,721.023,750.8614,776.7818500000001,924.5318,747.9533277511962,739.3719509615386,-0.1754229539922209,0.1754229539922209
sensor_146,2,0.0012763241863433313,0.05501003194888179,0.021844487744507778,0.0227,0.0423,0.05,0.0615,0.2479,0.05526351813826146,0.05144903846153846,-0.17472939562198286,0.17472939562198286
sensor_484,24,0.015315890236119975,215.28894802333116,213.12663798938698,0.0,76.4554,138.7755,294.66705,996.8586,217.79632022237666,180.59559615384615,-0.17465833557552893,0.17465833557552893
sensor_181,1,0.0006381620931716656,0.5467701149425287,0.22440175239982996,0.093,0.378,0.524,0.68875,3.573,0.5493632010943913,0.5103173076923078,-0.1741079420653463,0.1741079420653463
sensor_078,24,0.015315890236119975,-0.013642579390797148,0.04787230157881146,-0.3482,-0.0476,-0.0125,0.0122,0.2492,-0.013082835302293259,-0.0213875,-0.1735834624237173,0.1735834624237173
sensor_102,6,0.0038289725590299937,0.00111460602178091,0.06296766399989996,-0.5353,-0.0357,0.0,0.0336,0.2979,0.0018416609471516813,-0.009071153846153847,-0.17341480978301793,0.17341480978301793
sensor_175,1,0.0006381620931716656,0.7780436143039591,0.11632213822392524,0.4616,0.6922,0.7682,0.8439,1.172,0.776713269493844,0.7967451923076924,0.1723143169502191,0.1723143169502191
sensor_351,24,0.015315890236119975,0.027584251458198317,0.024562918063232752,0.002,0.0166,0.0253,0.0339,0.6188,0.027299861014593467,0.031519230769230765,0.1718819053158029,0.1718819053158029
sensor_417,2,0.0012763241863433313,8.190905495207668,4.0545151785465565,2.1531,5.7655,7.3956,9.1688,39.0376,8.237010814510608,7.543214423076924,-0.17121794696253584,0.17121794696253584
sensor_416,9,0.00574345883854499,3.4043485237483955,1.0354331579490537,0.0,2.6601,3.234,4.0107,9.69,3.4160290921595595,3.2410451923076926,-0.1690921496361879,0.1690921496361879
sensor_227,2,0.0012763241863433313,0.019125047923322685,0.010755712754397951,0.0062,0.0132,0.0165,0.0212,0.1541,0.019005407255304585,0.020805769230769232,0.1674787703439626,0.1674787703439626
sensor_453,1,0.0006381620931716656,5.460971264367817,2.2508044285391753,0.9037,3.747875,5.2271,6.902475,34.4902,5.485977154582764,5.109446153846154,-0.16737921257501243,0.16737921257501243
sensor_446,1,0.0006381620931716656,1.1750031928480202,0.17615820845233035,0.6968,1.0468,1.1638,1.2723,1.7639,1.1730511627906977,1.202444230769231,0.1669470050903656,0.1669470050903656
sensor_037,1,0.0006381620931716656,66.2212735632184,0.3041407986805709,64.9193,66.04065,66.23179999999999,66.343275,67.9586,66.2179221614227,66.26838653846153,0.16601321055762275,0.16601321055762275
sensor_334,6,0.0038289725590299937,0.16836386931454195,0.17288255254879842,0.0282,0.0894,0.1294,0.2104,3.4125,0.16648064516129032,0.1947471153846154,0.16358470043181894,0.16358470043181894
sensor_479,6,0.0038289725590299937,3.2833942344650864,2.638608319672745,0.6459,2.6277,3.1845,3.6253,63.3336,3.2553563486616333,3.676194230769231,0.15956757515614398,0.15956757515614398
sensor_317,1,0.0006381620931716656,0.17262911877394635,0.07239235980809001,0.0283,0.11737500000000001,0.1634,0.2181,1.0034,0.17339555403556772,0.16185480769230767,-0.1594942452506228,0.1594942452506228
sensor_324,1,0.0006381620931716656,13.332171711366538,6.615849551191287,2.2345,7.5786,12.5045,17.925175,51.8678,13.262205471956225,14.315735576923077,0.15931784696298765,0.15931784696298765
sensor_198,6,0.0038289725590299937,0.5573587443946189,0.5377051946449523,0.09,0.296,0.424,0.726,10.017,0.5516643788606725,0.6371346153846154,0.15902781753299788,0.15902781753299788
sensor_336,7,0.004467134652201659,9.73638641025641,7.556130948920659,5.2151,8.288525,9.073550000000001,10.041625,214.8628,9.656458310439561,10.855379807692307,0.15874226960700175,0.15874226960700175
sensor_310,1,0.0006381620931716656,0.30475178799489144,0.043459845886389924,0.1809,0.27855,0.3029,0.3319,0.4438,0.3042941176470588,0.31118557692307697,0.1586438448222451,0.1586438448222451
sensor_067,6,0.0038289725590299937,16.71544356181935,307.5022930665586,0.4137,0.8907,0.9783,1.065,7272.8283,13.468253328757722,62.207329807692304,0.1585730620480515,0.1585730620480515
sensor_066,6,0.0038289725590299937,706.668522869955,11.623078342670448,632.4226,698.7702,706.4536,714.597,770.6084,706.7896903912149,704.9710125,-0.15654040416763207,0.15654040416763207
sensor_104,2,0.0012763241863433313,-1.4632587859424918e-05,0.000850708638613734,-0.0119,-0.0004,0.0,0.0004,0.0071,-5.817932922655713e-06,-0.00013846153846153847,-0.15598920825738474,0.15598920825738474
sensor_360,0,0.0,0.0029448627951499684,0.020002568739022588,0.0001,0.0004,0.0007,0.0018,0.409,0.0027390293916609706,0.005840384615384616,0.15511398116016084,0.15511398116016084
sensor_579,949,0.6056158264199106,0.016829449838187703,0.00964013288785662,0.0032,0.0106,0.0148,0.02,0.0799,0.016720942408376963,0.018211111111111115,0.1545793049784706,0.1545793049784706
sensor_279,2,0.0012763241863433313,0.04105686900958467,0.020289164688217655,0.0107,0.0283,0.0372,0.0458,0.1884,0.04126440793976728,0.03814134615384615,-0.1539916411471665,0.1539916411471665
sensor_144,2,0.0012763241863433313,0.12000811501597444,0.061342785491063416,0.0324,0.0839,0.1075,0.1327,0.6253,0.12063559206023272,0.11119326923076923,-0.15399126579259026,0.15399126579259026
sensor_470,6,0.0038289725590299937,5.367751761691223,4.9833666916925035,0.8325,2.8233,4.0611,7.0068,87.1347,5.316851750171586,6.080841346153846,0.15337097097961563,0.15337097097961563
sensor_385,715,0.4562858966177409,0.01142699530516432,0.01436562841639247,0.0,0.0053,0.0068,0.011325,0.2073,0.011244942381562099,0.013429577464788733,0.1521189648527599,0.1521189648527599
sensor_445,1,0.0006381620931716656,0.6470899106002553,0.14125217772776266,0.3086,0.5558,0.6511,0.7484,1.1087,0.6456683310533516,0.6670740384615385,0.15160210817054118,0.15160210817054118
sensor_030,2,0.0012763241863433313,0.18415891373801918,0.03294394301191376,0.0341,0.1617,0.1867,0.2071,0.2851,0.18383214774281806,0.1887970873786408,0.150765910827467,0.150765910827467
sensor_112,715,0.4562858966177409,0.457537676056338,0.04893948036768213,0.0,0.4593,0.46285,0.466425,0.4885,0.4569235595390525,0.46429295774647894,0.15062402380243822,0.15062402380243822
sensor_195,4,0.0025526483726866626,0.287084452975048,0.39518696433610084,0.08,0.218,0.259,0.296,4.838,0.28318698630136985,0.3423300970873786,0.1497139514818808,0.1497139514818808
sensor_174,1,0.0006381620931716656,0.3201127713920817,0.07124688599023044,0.1287,0.2765,0.32384999999999997,0.3702,0.5484,0.319406292749658,0.3300442307692308,0.1493665393224873,0.1493665393224873
sensor_172,1,0.0006381620931716656,0.3201125159642401,0.07124300579846014,0.1287,0.2766,0.32384999999999997,0.3702,0.5484,0.3194064295485636,0.3300384615384615,0.1492916402685768,0.1492916402685768
sensor_443,1,0.0006381620931716656,0.6339410600255428,0.14355204755671536,0.2169,0.5505,0.6435,0.733425,1.0851,0.6325339945280437,0.6537211538461538,0.14764481748202887,0.14764481748202887
sensor_521,0,0.0,11.610079706445436,103.12299573442073,0.0,0.0,0.0,0.0,1000.0,10.600730006835269,25.8089125,0.14752856349212923,0.14752856349212923
sensor_025,2,0.0012763241863433313,1.2038447284345049,0.17760047570306497,0.0,1.0948,1.283,1.3043,1.3828,1.2055668946648426,1.1793999999999998,-0.14738706611891786,0.14738706611891786
sensor_467,4,0.0025526483726866626,6.252090658989124,8.673723727949763,1.7163,4.6975,5.645,6.3869,109.0074,6.167931506849316,7.445026213592233,0.14728842264832726,0.14728842264832726
sensor_170,1,0.0006381620931716656,0.6843303320561941,0.15746797134498902,0.2979,0.5756,0.686,0.7973,1.153,0.6827922024623803,0.7059528846153846,0.14713363070201418,0.14713363070201418
sensor_318,1,0.0006381620931716656,3.1887704980842915,1.2159299661071454,0.9848,2.319725,2.8989000000000003,4.02125,15.8934,3.200332968536252,3.0262288461538462,-0.1432313469048566,0.1432313469048566
sensor_278,9,0.00574345883854499,0.0011174582798459563,0.0003400339387536143,0.0,0.0009,0.0011,0.0013,0.0034,0.0011207015130674002,0.0010721153846153845,-0.1429312048125278,0.1429312048125278
sensor_587,1,0.0006381620931716656,0.016474904214559386,0.008807535393245908,0.0032,0.0106,0.0148,0.0203,0.0799,0.016391792065663473,0.01764326923076923,0.1421352850268594,0.1421352850268594
sensor_207,6,0.0038289725590299937,20.376175528507368,17.497556438702528,4.01,16.35,19.72,22.37,457.65,20.210871654083732,22.692019230769233,0.14184296790499762,0.14184296790499762
sensor_494,0,0.0,0.9564419910657307,6.615200266560572,0.0342,0.139,0.2325,0.563,127.5728,0.8944098427887902,1.8290673076923079,0.1413317436131074,0.1413317436131074
sensor_331,4,0.0025526483726866626,0.08323186180422265,0.063424505382566,0.0224,0.0688,0.0848,0.0956,1.0959,0.08264486301369864,0.09155242718446602,0.1404839753108232,0.1404839753108232
sensor_377,2,0.0012763241863433313,0.0015707348242811503,0.0004665400582248408,0.0004,0.0013,0.0015,0.0018,0.0077,0.0015750855578370976,0.0015096153846153846,-0.1403722579653364,0.1403722579653364
sensor_574,0,0.0,9.16231499680919,26.920150379391046,1.0395,2.56785,2.9758,3.4925,170.0204,9.41139090909091,5.658487500000001,-0.13944823551862512,0.13944823551862512
sensor_332,7,0.004467134652201659,2.5934845512820512,5.645225833657501,0.5373,1.5465499999999999,2.0627000000000004,2.7905249999999997,174.8944,2.5411085164835163,3.3267490384615384,0.13920833491454976,0.13920833491454976
sensor_340,6,0.0038289725590299937,14.673506598334402,261.73845149875376,0.0131,0.0346,0.0464,0.0668,5043.8789,12.254869938229238,48.55767596153846,0.13873738859900883,0.13873738859900883
sensor_335,6,0.0038289725590299937,3.426925112107623,5.781558467381748,0.7899,2.0357,2.5135,3.3604,172.7119,3.373622443376801,4.173675,0.1384182168244752,0.1384182168244752
sensor_010,2,0.0012763241863433313,0.0001457507987220447,0.00930210506944666,-0.0349,-0.0056,0.0004,0.0059,0.053,6.228610540725528e-05,0.0013182692307692307,0.13505465777278328,0.13505465777278328
sensor_454,1,0.0006381620931716656,7.883741570881225,3.0596604010061013,2.3294,5.806525,7.4249,9.576775000000001,42.0703,7.910945485636114,7.501317307692309,-0.13391197186876524,0.13391197186876524
sensor_441,1,0.0006381620931716656,0.8020809706257984,0.18421271107607257,0.3512,0.6796,0.8076,0.9276,1.2771,0.8004476744186046,0.8250413461538462,0.1335381141078285,0.1335381141078285
sensor_359,0,0.0,0.019839948947032546,0.00713635750679749,0.0076,0.0138,0.0196,0.025,0.0888,0.019777033492822966,0.020724999999999997,0.13286646908556632,0.13286646908556632
sensor_011,2,0.0012763241863433313,0.9643527795527156,0.012452051783214598,0.6554,0.9581,0.9658,0.9713,0.9848,0.9644611225188228,0.9628307692307693,-0.13095832947506136,0.13095832947506136
sensor_214,24,0.015315890236119975,0.08326843810758262,0.05645567199791888,0.0193,0.0568,0.0754,0.09355,0.7615,0.08376601806810284,0.07638365384615385,-0.13079185273630092,0.13079185273630092
sensor_572,0,0.0,28.45016502871729,86.30468130478187,3.54,7.5,8.65,10.13,454.56,29.191639644565964,18.01961346153846,-0.1294746111038501,0.1294746111038501
sensor_128,9,0.00574345883854499,3.1921822849807446,0.26417454262867024,0.0,3.074,3.195,3.311,3.895,3.189916781292985,3.2238557692307697,0.12849669072955053,0.12849669072955053
sensor_222,0,0.0,0.0088211869814933,0.055936767099401666,0.0003,0.0014,0.0023,0.0055,0.9911,0.008354613807245385,0.015384615384615384,0.12569908520821643,0.12569908520821643
sensor_182,1,0.0006381620931716656,10.780542784163474,4.164050577644839,3.17,7.7325,10.17,13.3375,55.0,10.815259917920656,10.2925,-0.12556248946375023,0.12556248946375023
sensor_009,2,0.0012763241863433313,-0.0008410223642172522,0.015116189521664193,-0.0534,-0.0108,-0.0013,0.0084,0.0749,-0.0007152635181382615,-0.002607692307692308,-0.125213082506809,0.125213082506809
sensor_272,7,0.004467134652201659,41.298147435897434,17.737513289361313,6.9431,27.092724999999998,40.01925,54.277325,122.1174,41.15156609471517,43.371633009708745,0.12518261183278467,0.12518261183278467
sensor_588,1,0.0006381620931716656,0.005283333333333334,0.00286707150966514,0.001,0.0033,0.0046,0.0064,0.0286,0.005259507523939808,0.005618269230769231,0.1251525793876815,0.1251525793876815
sensor_093,2,0.0012763241863433313,-0.0005405111821086262,0.003009833796536164,-0.0171,-0.0016,-0.0002,0.001,0.0133,-0.0005655030800821356,-0.00018942307692307694,0.12497104475346298,0.12497104475346298
sensor_343,6,0.0038289725590299937,6.198508263933376,5.371825069596769,1.2565,4.9989,6.0056,6.8852,156.336,6.154236238846946,6.818742307692308,0.12372136714541894,0.12372136714541894
sensor_080,24,0.015315890236119975,-0.018530784186649385,0.04922601878995139,-0.1437,-0.0445,-0.0087,0.0091,0.1186,-0.018120708825573317,-0.02420480769230769,-0.12361450216693529,0.12361450216693529
sensor_019,10,0.006381620931716656,12.481033975594091,0.217965260098252,9.8773,12.46,12.4996,12.5471,12.9898,12.479256052269603,12.506132038834952,0.12332232872154696,0.12332232872154696
sensor_485,24,0.015315890236119975,201.11172838626052,218.69001540828836,0.0,50.38355,112.9534,288.89345000000003,994.0,202.92620903405142,176.0055971153846,-0.12311817654120993,0.12311817654120993
sensor_134,8,0.005105296745373325,39.39197851186658,2.99047608324939,33.3658,37.34725,38.9026,40.8046,64.1287,39.416402336769764,39.050279807692306,-0.12244739980641123,0.12244739980641123
sensor_087,0,0.0,0.982420293554563,0.012847842091247771,0.7749,0.9758,0.9874,0.9897,0.9935,0.9825244702665756,0.9809548076923077,-0.12219078778361948,0.12219078778361948
sensor_089,51,0.03254626675175495,0.18870323218997362,0.05237286447618119,0.1113,0.169375,0.1901,0.200425,1.4727,0.18826999292285915,0.19464660194174757,0.12177108028369732,0.12177108028369732
sensor_204,6,0.0038289725590299937,32.21816886611147,565.1012386167343,0.0429,0.1143,0.1582,0.2307,9998.4483,27.641543033630747,96.33493653846152,0.12157638485071016,0.12157638485071016
sensor_418,2,0.0012763241863433313,320.2592353354633,287.70448241162677,0.0,0.0,302.1776,524.0022,999.316,322.5749663928816,287.7276673076923,-0.12113829487504676,0.12113829487504676
sensor_499,2,0.0012763241863433313,263.19586434504794,324.77134168195846,0.0,0.0,0.0,536.2046,1000.0,265.7990736481862,226.6257798076923,-0.12063399469747971,0.12063399469747971
sensor_137,7,0.004467134652201659,122.69294871794872,52.2530147577518,19.2,81.3,117.7,161.6,334.7,122.27824296499658,128.55922330097087,0.12021826062315713,0.12021826062315713
sensor_339,6,0.0038289725590299937,9.328957719410635,6.074701971319436,2.2001,7.5889,9.4742,10.4399,197.4988,9.280361839396019,10.009767307692307,0.1200880224473562,0.1200880224473562
sensor_410,7,0.004467134652201659,4.9293441025641025,2.122977939052172,0.7342,3.265075,4.732749999999999,6.4582999999999995,13.8071,4.912671722717913,5.1651854368932035,0.1189569460339809,0.1189569460339809
sensor_027,2,0.0012763241863433313,6.638627987220448,1.244249271997308,0.0,5.2637,7.2647,7.3297,7.6588,6.64831415868673,6.50114077669903,-0.11829597805978714,0.11829597805978714
sensor_363,51,0.03254626675175495,333.3196009894459,138.80192793728307,60.9882,228.682525,309.83164999999997,412.329775,1072.2031,332.2118511677282,348.5162077669903,0.11747751010689368,0.11747751010689368
sensor_106,6,0.0038289725590299937,0.0005395259449071109,0.002987912749000635,-0.0133,-0.001,0.0002,0.0016,0.0172,0.000562525737817433,0.0002173076923076923,-0.11554915773677238,0.11554915773677238
sensor_201,7,0.004467134652201659,7.839358974358974,5.1044949288971635,0.0,5.02,6.76,9.49,126.53,7.800068681318682,8.389423076923077,0.1154688189337416,0.1154688189337416
sensor_476,6,0.0038289725590299937,20.13215464445868,14.93958973418616,0.0,11.5771,15.9738,23.7372,274.8871,20.018234660260813,21.72812980769231,0.11446392726356434,0.11446392726356434
sensor_576,0,0.0,5.563746522016592,16.921368702380114,0.6636,1.40845,1.6245,1.902,90.4235,5.69223014354067,3.7563278846153847,-0.11441567486487318,0.11441567486487318
sensor_270,5,0.003190810465858328,29.26029052496799,8.402012633351179,15.5471,24.9823,28.7735,31.7022,158.526,29.32367702331961,28.371660576923077,-0.11331708955024278,0.11331708955024278
sensor_047,1,0.0006381620931716656,1.177958109833972,0.18963690625019128,0.4967,0.985,1.25105,1.34035,1.5111,1.1765340629274965,1.197976923076923,0.11308197087811418,0.11308197087811418
sensor_008,2,0.0012763241863433313,1.4628616613418528,0.07389656150907685,1.191,1.4112,1.4616,1.5169,1.6564,1.4623094455852155,1.4706192307692305,0.11245977392927195,0.11245977392927195
sensor_075,24,0.015315890236119975,-0.00690304601425794,0.02229216702252471,-0.1049,-0.019549999999999998,-0.0063,0.0071,0.2315,-0.0070705350938151485,-0.004585576923076922,0.11147967981775372,0.11147967981775372
sensor_135,5,0.003190810465858328,117.96094750320103,57.54462723964513,58.0,92.0,109.0,127.0,994.0,118.38203017832647,112.0576923076923,-0.10990926454789317,0.10990926454789317
sensor_408,5,0.003190810465858328,5.340931882202304,2.5781176672891375,2.7378,4.1278,4.9224499999999995,5.7871,44.31,5.359734293552813,5.077336538461538,-0.10954219440714304,0.10954219440714304
sensor_088,0,0.0,1807.8150211231653,53.53726220241346,1627.4714,1777.4703,1809.2492,1841.873,2105.1823,1807.4316734791526,1813.2076903846153,0.10789227802425881,0.10789227802425881
sensor_271,6,0.0038289725590299937,46.05659814221653,17.86643760258941,10.4015,30.0139,45.6765,59.5947,132.6479,45.92827062457104,47.8544173076923,0.10781253304109406,0.10781253304109406
sensor_383,1018,0.6496490108487556,0.5410398907103825,1.3410197897865856,0.0875,0.2955,0.3726,0.5412,30.9982,0.548846050096339,0.4059933333333333,-0.10645946125243373,0.10645946125243373
sensor_155,10,0.006381620931716656,0.5071714836223506,1.1224267752591635,0.14,0.24,0.32,0.45,12.71,0.5150729023383769,0.39563106796116504,-0.10641697362224295,0.10641697362224295
sensor_428,10,0.006381620931716656,4.220747463070006,10.632730122912243,1.1198,1.9355,2.5341,3.609,118.7533,4.295597386519945,3.164128155339806,-0.10641685372553038,0.10641685372553038
sensor_580,949,0.6056158264199106,0.005395954692556634,0.003115985835278886,0.001,0.0034,0.0047,0.006475,0.0286,0.005372076788830716,0.0057,0.10519307450788722,0.10519307450788722
sensor_561,1,0.0006381620931716656,32.28495593869732,19.026081423650705,7.2369,15.76245,29.73115,44.1134,101.1146,32.15216190150478,34.15173365384616,0.10509878533600374,0.10509878533600374
sensor_239,2,0.0012763241863433313,0.004574888178913738,0.0014414052325399062,0.0014,0.0036,0.0044,0.0053,0.0236,0.004584804928131417,0.004435576923076923,-0.10353087491285015,0.10353087491285015
sensor_486,24,0.015315890236119975,302.50618554763446,287.3640702281875,0.0,0.0,249.927,501.60745,999.4911,300.5426724113968,329.67441057692304,0.10137560912153316,0.10137560912153316
sensor_288,3,0.0019144862795149968,0.003923657289002558,0.002936095295730202,0.0012,0.0024,0.0036,0.0049,0.0749,0.003903904109589041,0.004200961538461538,0.10117411304608535,0.10117411304608535
sensor_000,6,0.0038289725590299937,3014.4528955797564,73.62178674853077,2743.24,2966.26,3011.49,3056.65,3356.35,3014.947316403569,3007.52625,-0.10079942540533116,0.10079942540533116
sensor_497,51,0.03254626675175495,11.82102994722955,4.9566469784566225,1.9496,8.15035,10.90655,14.46905,40.2818,11.78714210898797,12.285918446601942,0.10062684430490179,0.10062684430490179
sensor_086,0,0.0,2.4018715379706443,0.03733186120689418,2.2425,2.37685,2.4039,2.4286,2.5555,2.4016230348598766,2.405367307692308,0.1002962322618695,0.1002962322618695
sensor_101,6,0.0038289725590299937,-7.23894939141576e-06,0.00022076237351255197,-0.0024,-0.0001,0.0,0.0001,0.0017,-5.7652711050102984e-06,-2.7884615384615386e-05,-0.1001944446923767,0.1001944446923767
sensor_302,2,0.0012763241863433313,0.4033423003194888,0.1975139946152524,0.1118,0.2958,0.3808,0.477,5.1549,0.4020422024623803,0.4217961165048544,0.10001152999452394,0.10001152999452394
sensor_541,8,0.005105296745373325,9.61162809493265,2.896375799624502,3.2761,7.49575,9.4593,11.2384,25.7792,9.59241615120275,9.880410576923076,0.09943139741411611,0.09943139741411611
sensor_245,1018,0.6496490108487556,1.7297233151183968,4.335614249231767,0.2914,0.9115,1.1851,1.7618,99.9022,1.7532115606936416,1.3233766666666669,-0.09907518738981128,0.09907518738981128
sensor_555,260,0.16592214422463306,57.746537184391734,35.20755227346542,4.8269,27.0176,54.4417,74.62870000000001,303.55,57.51724512694513,61.00195116279069,0.09896802023086529,0.09896802023086529
sensor_273,14,0.008934269304403318,20.18124616870573,3.8304625092009634,8.6512,18.2471,19.5809,22.0973,43.5737,20.155900414078676,20.534380769230772,0.09880632732227716,0.09880632732227716
sensor_003,14,0.008934269304403318,1396.3766273663878,441.6916403756737,0.0,1081.8758,1285.2144,1591.2235,3715.0417,1399.290291994479,1355.7814346153848,-0.09850319480715244,0.09850319480715244
sensor_083,1,0.0006381620931716656,7.452066602809706,0.5162513849989246,5.8257,7.104225,7.4674499999999995,7.807625,8.9904,7.455438235294117,7.40466923076923,-0.09833971569919052,0.09833971569919052
sensor_238,2,0.0012763241863433313,0.004791373801916933,0.0016979477507117176,0.0013,0.0037,0.0046,0.0057,0.0244,0.004780424366872005,0.0049451923076923076,0.09703680296721355,0.09703680296721355
sensor_559,1,0.0006381620931716656,0.3257081736909323,0.20139186986927257,0.0699,0.14982499999999999,0.2909,0.4436,1.0737,0.3244140902872777,0.3439,0.09675337260359003,0.09675337260359003
sensor_483,24,0.015315890236119975,206.56419598185354,192.86441252605448,0.0,81.31615,148.3175,262.86525,989.4737,207.80324266851974,189.42007884615384,-0.09531284127143481,0.09531284127143481
sensor_081,24,0.015315890236119975,-0.021153337653920933,0.017021124441250673,-0.0982,-0.0272,-0.0196,-0.012,0.0584,-0.021261362056984017,-0.019658653846153847,0.09415566987311283,0.09415566987311283
sensor_517,1018,0.6496490108487556,1.73890218579235,4.890663436682964,0.288,0.8903,1.1543,1.7597,113.2758,1.7639612716763005,1.30538,-0.09370240780417327,0.09370240780417327
sensor_020,0,0.0,1.4050542437779197,0.01673693251882698,1.1797,1.3965,1.406,1.415,1.4534,1.4049505126452493,1.4065134615384616,0.09337866207078391,0.09337866207078391
sensor_044,1,0.0006381620931716656,10.031165006385697,0.17503759519923412,9.464,9.925425,10.03485,10.152474999999999,11.053,10.032246785225718,10.015957692307692,-0.09305580440057266,0.09305580440057266
sensor_558,1,0.0006381620931716656,0.9950089399744572,0.08385953711268757,0.8919,0.9552,0.9727,1.0008,1.5121,0.9944912448700409,1.0022865384615385,0.09295176911354792,0.09295176911354792
sensor_344,6,0.0038289725590299937,23.217146252402305,8.895221076950302,2.056,17.8609,23.2147,28.8731,59.3241,23.27191304049417,22.44988461538461,-0.09240729793348428,0.09240729793348428
sensor_424,3,0.0019144862795149968,3.315468542199488,6.3253650946585225,0.4866,1.9652500000000002,2.6671,3.470975,103.1809,3.3540477397260275,2.773875961538462,-0.0917160892916025,0.0917160892916025
sensor_406,8,0.005105296745373325,6.730614945477869,2.8295832878176426,2.0545,4.5476,5.9201,8.5852,14.7277,6.713319587628867,6.972583653846153,0.09162078935128028,0.09162078935128028
sensor_118,24,0.015315890236119975,0.5984116655865198,0.00810151744842984,0.5274,0.5941,0.599,0.6034,0.6245,0.5984615010423905,0.5977221153846155,-0.09125939333802796,0.09125939333802796
sensor_208,6,0.0038289725590299937,73.26431646380526,28.067142840732725,5.359,56.158,73.248,90.515,172.349,73.43497597803706,70.87344230769232,-0.09125889290266395,0.09125889290266395
sensor_167,2,0.0012763241863433313,1.2357827476038339,0.6327669145242083,0.3,0.9,1.2,1.5,16.3,1.2320109439124485,1.2893203883495143,0.09056349262880217,0.09056349262880217
sensor_151,3,0.0019144862795149968,14.047402813299232,31.002541178451466,2.02,8.08975,10.993500000000001,14.347249999999999,536.564,14.232823287671232,11.444384615384614,-0.08993608313194143,0.08993608313194143
sensor_544,2,0.0012763241863433313,0.0025092012779552716,0.00029552015522922185,0.0016,0.0024,0.0026,0.0026,0.0047,0.0025074606433949345,0.002533653846153846,0.08862750787966,0.08862750787966
sensor_307,1,0.0006381620931716656,0.12892094508301405,0.027467646411038542,0.0549,0.1137,0.1295,0.1476,0.2112,0.1287608071135431,0.13117211538461537,0.08778015400764841,0.08778015400764841
sensor_309,1,0.0006381620931716656,0.1289212643678161,0.02747010529499158,0.0549,0.1137,0.1295,0.1476,0.2112,0.12876128590971272,0.1311701923076923,0.08768482233539482,0.08768482233539482
sensor_153,3,0.0019144862795149968,0.011926470588235295,0.009345677016570107,0.0036,0.007275,0.0111,0.0149,0.2389,0.011872328767123286,0.012686538461538461,0.08711419474082273,0.08711419474082273
sensor_352,24,0.015315890236119975,0.023355735580038884,0.01315715363556871,0.0056,0.016,0.022,0.0269,0.1429,0.023432870048644895,0.022288461538461538,-0.08697243356953956,0.08697243356953956
sensor_221,0,0.0,0.06071754945756223,0.02330522674165929,0.02,0.0402,0.0609,0.0765,0.2305,0.060583321941216677,0.06260576923076923,0.08677339514556669,0.08677339514556669
sensor_526,0,0.0,1.4434574984045947,0.9584275329713078,0.1705,0.4842,1.5501,2.2116499999999997,8.2037,1.4489590567327408,1.3660653846153847,-0.08648168213002375,0.08648168213002375
sensor_254,0,0.0,0.01394320357370772,0.009132138563170602,0.0017,0.0047,0.015,0.0213,0.0787,0.013995557074504443,0.01320673076923077,-0.08637154069992391,0.08637154069992391
sensor_392,0,0.0,0.004532801531589024,0.0029555534671379773,0.0005,0.0015,0.0049,0.0069,0.0229,0.004549555707450445,0.0042971153846153845,-0.08540424218017892,0.08540424218017892
sensor_286,3,0.0019144862795149968,4.26001783887468,9.763829303611644,0.728,2.4672,3.36005,4.311425,207.0161,4.315229657534247,3.484928846153846,-0.08503033108137907,0.08503033108137907
sensor_407,8,0.005105296745373325,1.2319973059653624,0.3647111336304682,0.424,0.9665,1.2397,1.4167,3.3128,1.2299321649484536,1.260889423076923,0.08487338765216786,0.08487338765216786
sensor_305,1,0.0006381620931716656,0.26491679438058746,0.05738748874740393,0.1171,0.225,0.2643,0.3075,0.475,0.2645980848153215,0.26939711538461536,0.08361645101502617,0.08361645101502617
sensor_376,2,0.0012763241863433313,0.0016008306709265176,0.0005343500725944657,0.0004,0.0013,0.0016,0.0019,0.0082,0.0015978781656399727,0.0016423076923076925,0.08313810866129472,0.08313810866129472
sensor_098,6,0.0038289725590299937,-0.018142664958360026,0.42710978584634884,-5.2717,-0.2188,0.0,0.1893,2.5698,-0.015781606039807824,-0.0512201923076923,-0.08296418829562252,0.08296418829562252
sensor_426,3,0.0019144862795149968,1.233857608695652,0.9956200684322506,0.3632,0.743425,1.1353,1.5395,24.9904,1.2283993150684933,1.310483653846154,0.08243647025802794,0.08243647025802794
sensor_043,1,0.0006381620931716656,355.53890357598976,6.234706194564162,342.7545,350.801575,353.72090000000003,360.77225,377.2973,355.57293194254447,355.0605432692307,-0.08217424853890229,0.08217424853890229
sensor_439,2,0.0012763241863433313,70.64394204472845,38.37617776213928,14.1206,48.1738,65.4378,84.9734,657.7621,70.85070184678523,67.7091572815534,-0.08185254121797528,0.08185254121797528
sensor_120,0,0.0,6.310863050414805,0.12430439087350695,5.1259,6.2464,6.3136,6.37585,7.522,6.311534859876965,6.301412499999999,-0.0814227742881473,0.0814227742881473
sensor_560,1,0.0006381620931716656,0.0724434227330779,0.051577825356765514,0.0177,0.0362,0.0592,0.089,0.4457,0.07216764705882352,0.0763201923076923,0.08050074336672738,0.08050074336672738
sensor_581,949,0.6056158264199106,97.93437297734629,87.52096623001742,0.0,46.1849,72.2889,116.53914999999999,737.3048,98.44283717277487,91.45992888888888,-0.0797380303334116,0.0797380303334116
sensor_225,51,0.03254626675175495,1041.0565875989446,433.1700758034397,168.7998,718.7253499999999,967.2998,1261.2998,3601.2998,1038.7113872611465,1073.2290932038836,0.07967599425409473,0.07967599425409473
sensor_388,0,0.0,35.1550911295469,17.227003219757325,6.3101,24.38655,32.5307,42.65245,348.8293,35.06453274094327,36.42900384615385,0.07919547766437678,0.07919547766437678
sensor_057,4,0.0025526483726866626,0.9492150351887396,0.004175952180674276,0.9319,0.94665,0.9493,0.952,0.9598,0.9492367808219179,0.948906796116505,-0.07901012796771005,0.07901012796771005
sensor_161,2,0.0012763241863433313,4066.850479233227,4239.24505784859,0.0,1321.0,2614.0,5034.0,37943.0,4088.8953488372094,3753.9417475728155,-0.07900246866444174,0.07900246866444174
sensor_568,273,0.1742182514358647,2.452416924265842,0.9966441742590869,0.3706,1.8844,1.9997,2.97085,12.7462,2.4475830313014826,2.5257712499999996,0.07843515727717205,0.07843515727717205
sensor_493,0,0.0,2.5300463943841733,0.9739482901380285,0.833,1.6637499999999998,2.5291,3.1991,9.4024,2.525005058099795,2.6009644230769235,0.07798096932630008,0.07798096932630008
sensor_571,0,0.0,2.1018363114231016,0.27511184455412296,0.9802,1.9829,2.1186,2.2906500000000003,2.7395,2.103255434039645,2.081873076923077,-0.07771215093817173,0.07771215093817173
sensor_415,14,0.008934269304403318,6.630615904700579,3.958371425739251,1.534,4.9274,6.1766,7.5707,116.8615,6.651149068322982,6.344533653846154,-0.07744956052843428,0.07744956052843428
sensor_489,24,0.015315890236119975,272.16970738820476,228.04670199625264,0.0,112.85925,219.4872,377.1442,994.0035,270.9838826268242,288.57741730769226,0.07713824377630586,0.07713824377630586
sensor_062,6,0.0038289725590299937,116.50232882767459,8.629021528561994,81.49,112.0227,116.2118,120.9273,287.1509,116.54615223061084,115.8883798076923,-0.07621727125122209,0.07621727125122209
sensor_353,24,0.015315890236119975,0.040330524951393394,0.015499273073510783,0.0026,0.0302,0.0421,0.0502,0.1535,0.04040972897845726,0.039234615384615396,-0.07580645343336953,0.07580645343336953
sensor_311,1,0.0006381620931716656,0.09734431673052361,0.028796173472484938,0.0328,0.0776,0.0977,0.1159,0.1784,0.09748707250341997,0.09533749999999999,-0.07463690170533652,0.07463690170533652
sensor_073,794,0.5067007019783025,468.0204040103493,17.62988564018737,456.0447,464.4581,466.0817,467.8899,692.4256,468.1360815602837,466.82109999999994,-0.0745565456848185,0.0745565456848185
sensor_024,2,0.0012763241863433313,-298.59813591054314,2902.6901174771046,-14804.5,-1476.0,-78.75,1377.25,14106.0,-284.4415182626539,-499.539640776699,-0.0740918489121296,0.0740918489121296
sensor_215,24,0.015315890236119975,0.08107556707712249,0.030436821606720545,0.0059,0.0632,0.0825,0.0983,0.3429,0.08122675469075748,0.07898365384615386,-0.0736856344029795,0.0736856344029795
sensor_060,6,0.0038289725590299937,355.15909404228057,6.027888753453348,324.7145,350.5964,353.7991,359.6736,373.8664,355.18862855181885,354.7453269230769,-0.0735305724748578,0.0735305724748578
sensor_269,8,0.005105296745373325,3.7778656831302118,1.152329079925915,1.3017,2.9565,3.7035,4.3794,10.1529,3.772312027491409,3.8555634615384613,0.0722347880291195,0.0722347880291195
sensor_131,9,0.00574345883854499,0.9978083440308086,0.002250576394821345,0.9936,0.9964,0.99775,0.9989,1.019,0.9977975240715269,0.9979596153846154,0.07201064436387236,0.07201064436387236
sensor_563,273,0.1742182514358647,0.6796407264296753,0.12175776137289002,0.3049,0.5671,0.651,0.768875,1.2988,0.6801799011532125,0.67145875,-0.07161002582451195,0.07161002582451195
sensor_029,2,0.0012763241863433313,2.366197444089457,0.4086942024843982,0.6667,2.0889,2.3778,2.6556,3.5111,2.3643329685362517,2.39266213592233,0.06930437418602615,0.06930437418602615
sensor_539,8,0.005105296745373325,3.0342348941629247,1.2529130384380884,0.8516,1.8899,3.0548,3.947,6.5803,3.039889896907217,2.9551192307692307,-0.06764678850404247,0.06764678850404247
sensor_117,0,0.0,58.62590791320995,6.48517445373113,52.8068,57.9783,58.5491,59.1339,311.7344,58.65480881749829,58.219350000000006,-0.06713475847989318,0.06713475847989318
sensor_216,24,0.015315890236119975,0.08348353856124432,0.025764309384381366,0.0097,0.06955,0.0846,0.09755,0.2828,0.08336963168867269,0.08505961538461539,0.06558158605247887,0.06558158605247887
sensor_006,14,0.008934269304403318,101.11290824211203,6.237213788938685,82.1311,97.92,101.5122,104.5867,129.2522,101.08577322291235,101.49097211538461,0.06495236462942809,0.06495236462942809
sensor_564,273,0.1742182514358647,6.44498454404946,2.6335832675831226,0.97,4.98,5.16,7.8,32.58,6.434481054365733,6.604375,0.0644934047083492,0.0644934047083492
sensor_296,2,0.0012763241863433313,1879.2283690095846,1975.1113652390666,0.0,603.0329,1202.4121,2341.2887,15559.9525,1887.5381184678522,1761.2783330097088,-0.06391299557603616,0.06391299557603616
sensor_438,2,0.0012763241863433313,54.70105188498402,34.108051385106016,0.0,36.2903,49.0909,66.6667,851.6129,54.55996415868673,56.70367572815533,0.0628381421940934,0.0628381421940934
sensor_142,14,0.008934269304403318,6.641564713457824,3.5522542299963913,1.74,5.11,6.26,7.5,103.39,6.656245686680469,6.4370192307692315,-0.06170220424711852,0.06170220424711852
sensor_048,1,0.0006381620931716656,139.97223090676883,4.5242509086914,125.7982,136.9268,140.00775,143.19570000000002,163.2509,139.99064753761968,139.71333557692307,-0.06128211461349198,0.06128211461349198
sensor_107,6,0.0038289725590299937,-0.001765919282511211,0.08747477543703755,-0.5226,-0.0486,0.0,0.049,0.4856,-0.0014096774193548382,-0.00675673076923077,-0.06111431280208711,0.06111431280208711
sensor_050,1,0.0006381620931716656,632.254196743295,8.643985374141904,607.3927,625.928425,631.3709,638.1363249999999,667.7418,632.289171887825,631.762526923077,-0.06091372099221429,0.06091372099221429
sensor_267,8,0.005105296745373325,0.07058691468890313,0.02964867144185025,0.0198,0.044,0.0706,0.09165000000000001,0.1578,0.07070515463917526,0.0689326923076923,-0.05976964964897396,0.05976964964897396
sensor_218,1,0.0006381620931716656,3.771465389527459,1.1704360886275393,1.034,2.9461000000000004,3.63075,4.40475,8.8015,3.776088372093023,3.7064769230769232,-0.059462317574445055,0.059462317574445055
sensor_447,1,0.0006381620931716656,0.2818953384418902,0.08646076351049817,0.0846,0.2261,0.2797,0.33882500000000004,0.5085,0.2822363201094391,0.27710192307692305,-0.05937164736846785,0.05937164736846785
sensor_474,7,0.004467134652201659,37.63704974358974,24.822917866633844,0.0,23.1565,32.820049999999995,45.169475000000006,415.4355,37.53895164835165,39.010423076923075,0.05926621427691125,0.05926621427691125
sensor_500,2,0.0012763241863433313,240.9813768690096,323.0034102258164,0.0,0.0,0.0,505.401,999.2337,239.72055776865164,258.69346057692303,0.058726525011765965,0.058726525011765965
sensor_224,51,0.03254626675175495,0.05937044854881267,0.071211244690426,0.0093,0.029775,0.0398,0.0613,1.4361,0.05909207360226468,0.06318932038834953,0.057523555874397475,0.057523555874397475
sensor_176,1,0.0006381620931716656,0.2447177522349936,0.07491779147962079,0.0735,0.19625,0.2429,0.293925,0.4411,0.24500369357045143,0.2406980769230769,-0.05745874000537806,0.05745874000537806
sensor_290,10,0.006381620931716656,0.12342697495183043,0.27098702834075605,0.0416,0.0649,0.0833,0.1181,4.4203,0.12445281980742778,0.10894563106796118,-0.05721223738755085,0.05721223738755085
sensor_419,2,0.0012763241863433313,309.0612991054313,325.4483912877321,0.0,0.0,272.4487,582.9352,998.6813,307.8241862422998,326.44035576923073,0.0571891210331909,0.0571891210331909
sensor_054,4,0.0025526483726866626,4.838522712731926,0.05958067268892917,3.932,4.816,4.843,4.869,5.011,4.838299315068493,4.841689320388349,0.056885190811844615,0.056885190811844615
sensor_491,12,0.007657945118059987,2.442673118971061,1.2242828496170284,0.5558,1.7471,2.2508,2.8398,12.7698,2.4380844934527914,2.506693269230769,0.05602743177199345,0.05602743177199345
sensor_357,12,0.007657945118059987,0.0009988424437299035,0.0005009244455283376,0.0003,0.0007,0.0009,0.0011,0.0052,0.0009969676085458306,0.001025,0.05594877919162664,0.05594877919162664
sensor_425,3,0.0019144862795149968,6.79631246803069,23.257715596229374,1.4666,3.7662,4.7644,6.8835,898.6085,6.710385342465753,8.002597115384615,0.05554811226443857,0.05554811226443857
sensor_004,14,0.008934269304403318,4.197013135866065,56.35554009369094,0.6815,1.0177,1.3168,1.5257,1114.5366,4.404697929606626,1.3034048076923077,-0.055018324376436355,0.055018324376436355
sensor_546,260,0.16592214422463306,1.039630298393267,0.38906580941832136,0.4444,0.7975,0.9111,1.2855500000000002,3.9786,1.0410381654381653,1.0196418604651163,-0.05497810714569349,0.05497810714569349
sensor_522,0,0.0,14.728865922144223,7.10443490065628,2.6811,10.1828,13.7426,17.808950000000003,137.9838,14.70296801093643,15.093179807692307,0.054912696325388526,0.054912696325388526
sensor_275,14,0.008934269304403318,8.693212749517064,168.94941267400492,0.0111,0.0447,0.0784,0.1449,3332.5964,9.309547412008282,0.10601153846153848,-0.054462598261669694,0.054462598261669694
sensor_140,14,0.008934269304403318,26.077903927881515,506.92210649829843,0.0319,0.1317,0.2358,0.4391,9998.8944,27.926758247066942,0.3183855769230769,-0.05445025185271858,0.05445025185271858
sensor_202,7,0.004467134652201659,10.170463333333334,14.622904409729585,0.0,6.094,8.462,11.953,490.561,10.118003365384617,10.904902884615383,0.05380039486659043,0.05380039486659043
sensor_442,1,0.0006381620931716656,1.345258684546616,0.6591945579551075,0.0974,0.90765,1.2645499999999998,1.577825,5.1317,1.3476127906976747,1.3121653846153845,-0.05376145448140379,0.05376145448140379
sensor_578,949,0.6056158264199106,0.021614563106796117,0.011730310164318606,-0.0169,0.0138,0.0204,0.0277,0.1028,0.021568760907504363,0.022197777777777775,0.05358494625206344,0.05358494625206344
sensor_409,6,0.0038289725590299937,4.580430301089045,1.7768432482370566,1.2163,3.0128,4.4897,5.9367,9.5765,4.574106794783803,4.669020192307692,0.053404483579345775,0.053404483579345775
sensor_362,51,0.03254626675175495,0.01838291556728232,0.02164405523628634,0.0028,0.0095,0.0125,0.0186,0.4163,0.018306015569709837,0.019437864077669904,0.05228100439015988,0.05228100439015988
sensor_023,2,0.0012763241863433313,-3806.2997336741214,1380.1621478092084,-9986.75,-4371.75,-3820.75,-3352.75,2363.0,-3811.035567647059,-3739.0784786407767,0.0521243803615092,0.0521243803615092
sensor_007,9,0.00574345883854499,0.12182150192554556,0.008961318060306013,0.0,0.1211,0.1224,0.1238,0.1286,0.12179037138927098,0.12225673076923077,0.05202905975854728,0.05202905975854728
sensor_116,0,0.0,0.9871299298021697,0.0094965042399418,0.89,0.9895,0.9905,0.9909,0.9924,0.9871626110731373,0.9866701923076923,-0.05184039762102133,0.05184039762102133
sensor_405,8,0.005105296745373325,0.02420750481077614,0.010728270039700985,0.0062,0.014,0.0239,0.0323,0.0514,0.02424453608247423,0.023689423076923073,-0.051730718184160626,0.051730718184160626
sensor_082,24,0.015315890236119975,0.0060548930654569025,0.03607430939085071,-0.2129,-0.018,0.0076,0.0269,0.1437,0.006180611535788742,0.004315384615384614,-0.05169270982956386,0.05169270982956386
sensor_366,2,0.0012763241863433313,0.004813993610223642,0.002382449085386805,0.002,0.0035,0.0043,0.0054,0.0392,0.004805886379192334,0.004927884615384615,0.05119486329607177,0.05119486329607177
sensor_061,6,0.0038289725590299937,10.423142921204356,0.27487688237514923,9.4611,10.283,10.4367,10.5916,11.7849,10.422229512697323,10.435939423076924,0.0498644202217953,0.0498644202217953
sensor_285,3,0.0019144862795149968,2.1197953324808183,0.9629227396279495,0.4611,1.438175,1.87515,2.60695,6.8698,2.122967671232877,2.0752605769230774,-0.04953197658539938,0.04953197658539938
sensor_035,1,0.0006381620931716656,64.55578703703704,2.574748594677452,63.6774,64.0248,64.1658,64.3447,94.2641,64.56421757865937,64.43727307692308,-0.049291611810281896,0.049291611810281896
sensor_384,1018,0.6496490108487556,1.2854482695810567,3.168427387352426,0.3383,0.8423,1.1063,1.3866,74.8445,1.2939674373795762,1.1380666666666666,-0.04916262881568724,0.04916262881568724
sensor_219,12,0.007657945118059987,0.0032540192926045017,0.0016461065915743328,0.0007,0.0023,0.003,0.0038,0.0163,0.003248656099241902,0.0033288461538461545,0.04870291539232122,0.04870291539232122
sensor_150,3,0.0019144862795149968,6.8142679028133,3.241842630695339,1.337,4.45925,5.9510000000000005,8.275,22.318,6.824760958904111,6.666961538461539,-0.048663849502627546,0.048663849502627546
sensor_255,0,0.0,0.4038481174218251,0.12033416842013539,0.1269,0.3076,0.4051,0.48095,0.9255,0.4042243335611757,0.39855576923076924,-0.04709505298771449,0.04709505298771449
sensor_480,6,0.0038289725590299937,75.53813094170404,35.752493321756106,8.8406,52.8945,70.4345,93.1196,221.9747,75.64863191489363,73.9900548076923,-0.04637876413930656,0.04637876413930656
sensor_169,2,0.0012763241863433313,0.40045367412140576,0.19791761488934503,0.046,0.23,0.412,0.536,1.143,0.4010554035567716,0.39191262135922333,-0.046183149902356654,0.046183149902356654
sensor_217,24,0.015315890236119975,0.07163538561244329,0.04628346265847662,0.0079,0.0458,0.0617,0.08635000000000001,0.6744,0.07149131341209174,0.07362884615384614,0.046171629226779524,0.046171629226779524
sensor_487,24,0.015315890236119975,239.45532611795204,263.8376452668167,0.0,55.55515,112.2755,397.50609999999995,995.7447,240.27580340514245,228.10276057692312,-0.0461265100952376,0.0461265100952376
sensor_136,6,0.0038289725590299937,138.1947469570788,53.909791680681884,36.1,90.0,134.6,181.0,295.8,138.03205216197668,140.47403846153844,0.045286009630929665,0.045286009630929665
sensor_525,24,0.015315890236119975,5.560397342838626,3.920369755608116,1.54,4.1015,5.1342,6.3294999999999995,80.0406,5.548502918693537,5.724975000000001,0.045002411601386294,0.045002411601386294
sensor_253,24,0.015315890236119975,0.033216202203499676,0.022425105715950116,0.0094,0.0245,0.0308,0.0379,0.4517,0.033148505906879774,0.03415288461538461,0.044776436867462924,0.044776436867462924
sensor_228,2,0.0012763241863433313,0.0178444089456869,0.01074487814635285,0.0072,0.0126,0.0155,0.02,0.2133,0.017812731006160164,0.018289423076923078,0.04435311034386344,0.04435311034386344
sensor_516,1018,0.6496490108487556,0.6788978142076502,10.783879966801807,0.0287,0.1215,0.1747,0.2649,252.8604,0.7047809248554914,0.23112000000000002,-0.043885149205539944,0.043885149205539944
sensor_382,1018,0.6496490108487556,0.0018256830601092895,0.02673996257104384,0.0001,0.0004,0.0005,0.0008,0.6271,0.0018897880539499032,0.0007166666666666666,-0.043833603249601394,0.043833603249601394
sensor_244,1018,0.6496490108487556,0.005755009107468123,0.08461762122921439,0.0003,0.0012,0.0017,0.0026,1.9844,0.005956647398843931,0.002266666666666667,-0.043570048334191785,0.043570048334191785
sensor_527,0,0.0,6.395717038927887,1.8886975959742711,2.17,4.89545,6.4108,7.594250000000001,14.4479,6.400965071770335,6.321891346153846,-0.041855705554025464,0.041855705554025464
sensor_523,0,0.0,0.4538964262922782,4.1475806334485945,0.0258,0.07305,0.1,0.13319999999999999,111.333,0.46539501025290503,0.2921423076923077,-0.04176091122877819,0.04176091122877819
sensor_389,0,0.0,0.0013383535417996171,0.011816004389790637,0.0001,0.0002,0.0003,0.0004,0.3127,0.0013710184552289814,0.0008788461538461539,-0.04164196146472653,0.04164196146472653
sensor_358,1341,0.8557753669432036,0.0024429203539823004,0.0003947076136774983,0.0017,0.0022,0.0024,0.0027,0.0047,0.002443720930232558,0.0024272727272727276,-0.04158083835239739,0.04158083835239739
sensor_251,0,0.0,0.004284811742182515,0.037472492069381025,0.0003,0.0007,0.001,0.0013,0.9909,0.004387833219412166,0.002835576923076923,-0.04141286248990293,0.04141286248990293
sensor_282,2,0.0012763241863433313,0.0057698402555910544,0.008550366665537237,0.0016,0.0033,0.0053,0.0071,0.3083,0.005746954140999316,0.006091346153846154,0.04026718928528195,0.04026718928528195
sensor_356,1,0.0006381620931716656,1.298628607918263,0.3869176053477393,0.3796,1.0254750000000001,1.2553,1.533325,2.8348,1.299650341997264,1.2842653846153846,-0.039752121488299916,0.039752121488299916
sensor_321,1,0.0006381620931716656,2.2637273946360152,2.116994491020851,0.6114,1.670075,2.07765,2.63335,79.1515,2.2692451436388508,2.186160576923077,-0.039235806720555655,0.039235806720555655
sensor_017,3,0.0019144862795149968,0.971443925831202,0.012062412664690256,0.5794,0.9682,0.9726,0.9768,0.9848,0.9714751369863015,0.9710057692307692,-0.03890097784860574,0.03890097784860574
sensor_277,14,0.008934269304403318,2.2107444945267223,1.1964372795250324,0.5615,1.6977,2.0831,2.5143,32.1709,2.2138247757073843,2.1678278846153844,-0.038434271179618326,0.038434271179618326
sensor_096,6,0.0038289725590299937,0.01712664958360026,0.2195781445084066,-1.4803,-0.0886,0.0039,0.122,2.5093,0.017688126286890874,0.009260576923076925,-0.038370093518147096,0.038370093518147096
sensor_473,7,0.004467134652201659,39.42684705128205,22.457103880741066,0.0,24.9008,34.24675,47.727850000000004,358.9504,39.369835851648354,40.225003846153854,0.03806956951878848,0.03806956951878848
sensor_548,260,0.16592214422463306,75.6798714613619,3.3905233432159734,71.038,73.254,74.084,78.397,83.72,75.67141195741195,75.79997674418605,0.0379060185110689,0.0379060185110689
sensor_046,1,0.0006381620931716656,733.6728114942529,12.170314705663275,699.8139,724.4423,733.45,741.4545,789.7523,733.7033568399453,733.243414423077,-0.03778175260162574,0.03778175260162574
sensor_091,6,0.0038289725590299937,0.002439846252402306,0.08768295437644351,-0.357,-0.0429,0.0,0.0507,0.3627,0.0022207275223061086,0.0055096153846153845,0.03749847975277579,0.03749847975277579
sensor_482,24,0.015315890236119975,318.41844847699286,281.01132344861566,0.0,0.0,293.5185,514.5859,999.4135,319.11555594162616,308.7728942307692,-0.03679477357924289,0.03679477357924289
sensor_055,4,0.0025526483726866626,2856.1721049264233,25.749317256276903,2801.0,2836.0,2854.0,2874.0,2936.0,2856.2335616438354,2855.3009708737864,-0.036207945025408216,0.036207945025408216
sensor_185,1,0.0006381620931716656,7.3657407407407405,7.188720312996779,1.94,5.39,6.735,8.45,267.91,7.382995896032832,7.123173076923076,-0.03613304037308958,0.03613304037308958
sensor_246,1018,0.6496490108487556,4.14874189435337,10.045083815255323,1.1022,2.7259,3.673,4.4797,237.1837,4.168471098265896,3.8074266666666667,-0.03591079243898725,0.03591079243898725
sensor_355,24,0.015315890236119975,0.03454309786130914,0.022306691777344106,0.0038,0.0212,0.0294,0.0423,0.2789,0.03448922863099374,0.03528846153846154,0.03581911552075324,0.03581911552075324
sensor_248,0,0.0,0.025171218889597953,0.04923507178550761,0.003,0.0147,0.021,0.0273,0.9732,0.025054272043745725,0.026816346153846152,0.035778994616122835,0.035778994616122835
sensor_018,3,0.0019144862795149968,190.04735358056266,2.7810407145023497,169.1774,188.299825,189.6642,192.189375,215.5977,190.0539228767123,189.95513076923075,-0.03551345700694126,0.03551345700694126
sensor_368,6,0.0038289725590299937,0.0031716207559256892,0.002106682408172207,0.0,0.0022,0.0028,0.0036,0.0334,0.0031666437886067257,0.003241346153846154,0.035449738263690314,0.035449738263690314
sensor_518,1018,0.6496490108487556,1.806272859744991,4.71589432795297,0.4674,1.1712,1.5891,1.9328,111.3495,1.8153612716763003,1.6490433333333334,-0.03523646966908664,0.03523646966908664
sensor_084,12,0.007657945118059987,0.13310790996784566,0.005051301341521238,0.1174,0.1298,0.133,0.1363,0.1505,0.13311936595451412,0.13294807692307692,-0.03390018670234497,0.03390018670234497
sensor_412,14,0.008934269304403318,30.911316355441084,18.413621577973736,0.0,18.4079,26.1569,38.1397,128.2816,30.869988957902002,31.48711826923077,0.033505202840888815,0.033505202840888815
sensor_045,1,0.0006381620931716656,136.74305977011497,7.849247454551085,108.8464,130.72887500000002,136.4,142.098225,176.3136,136.72559008207932,136.98864326923075,0.033503631394558156,0.033503631394558156
sensor_457,1,0.0006381620931716656,5.26366570881226,4.53773652964822,1.4428,3.827525,4.79335,6.08945,164.1093,5.273763474692203,5.121714423076923,-0.03349814584806429,0.03349814584806429
sensor_092,2,0.0012763241863433313,0.0005069009584664538,0.003231024228277144,-0.0126,-0.0012,0.0004,0.002,0.0281,0.0005140314852840521,0.0004067307692307692,-0.033200023206721975,0.033200023206721975
sensor_386,0,0.0,0.008280791320995533,0.015488133549750038,0.0008,0.0048,0.0068,0.0093,0.3068,0.00824688995215311,0.008757692307692307,0.03297081964895693,0.03297081964895693
sensor_147,2,0.0012763241863433313,0.017410990415335465,0.027122909963026458,0.0043,0.01,0.0159,0.0213,0.9783,0.017352840520191648,0.018227884615384618,0.03225290236314208,0.03225290236314208
sensor_303,2,0.0012763241863433313,0.0403438338658147,0.014510612418506173,0.0108,0.03,0.0388,0.0486,0.2258,0.04031422708618331,0.04076407766990292,0.030992492219747245,0.030992492219747245
sensor_520,0,0.0,2.6959992980216976,5.702366390511981,0.3121,1.5521500000000001,2.221,2.9036999999999997,111.7365,2.68430991114149,2.8604375,0.03087780415692934,0.03087780415692934
sensor_304,2,0.0012763241863433313,0.1320764856230032,0.06486740634401705,0.0138,0.0728,0.1372,0.1785,0.3337,0.13220752393980847,0.13021650485436892,-0.030684750092075535,0.030684750092075535
sensor_440,2,0.0012763241863433313,11.526616549520767,6.169470770313719,1.0973,5.4141,12.0859,15.7964,33.058,11.538861354309168,11.352811650485435,-0.030147710504446146,0.030147710504446146
sensor_168,2,0.0012763241863433313,0.12439680511182108,0.04763862920302921,0.033,0.09,0.119,0.151,0.725,0.12430300957592338,0.12572815533980583,0.02990701724013212,0.02990701724013212
sensor_109,1018,0.6496490108487556,0.9799925318761384,0.008694888944683949,0.7848,0.9788,0.981,0.9823,0.9842,0.9800065510597303,0.9797499999999999,-0.02947969198661289,0.02947969198661289
sensor_173,1,0.0006381620931716656,0.5761919540229885,0.09573396704620046,0.2538,0.5168,0.5776,0.6345,0.8643,0.5763789329685363,0.5735634615384615,-0.029400717201141565,0.029400717201141565
sensor_072,794,0.5067007019783025,150.36155213454074,18.388481151665765,-59.4777,145.3053,152.2972,158.4378,175.4132,150.31607673758867,150.83302500000002,0.028095291787022674,0.028095291787022674
sensor_420,2,0.0012763241863433313,1.8212613418530355,3.057692275808107,0.4411,1.0304,1.6451,2.2147,111.4956,1.8155711841204656,1.9011971153846154,0.02799517698823233,0.02799517698823233
sensor_250,0,0.0,109.65096668793873,54.597273986975544,21.0107,76.13215,103.0936,131.7584,1119.7042,109.54962337662337,111.07659423076925,0.02795964238404948,0.02795964238404948
sensor_354,24,0.015315890236119975,0.041920998055735584,0.013067898600812283,0.004,0.03485,0.0442,0.05,0.1344,0.041945170257123,0.04158653846153845,-0.027435473144156158,0.027435473144156158
sensor_338,7,0.004467134652201659,3.037579935897436,5.645021949935593,0.0,1.9013499999999999,2.5608500000000003,3.40545,196.688,3.0272789835164833,3.181793269230769,0.027363635853897655,0.027363635853897655
sensor_390,0,0.0,1.4318675175494575,20.3264151271033,0.3046,0.67515,0.8773,1.1482,805.3936,1.468733766233766,0.9132586538461539,-0.02731965192630251,0.02731965192630251
sensor_268,8,0.005105296745373325,19.504676715843488,7.344404399628268,6.098,13.828,17.977,24.653,40.855,19.491305154639175,19.69175,0.027284058168729898,0.027284058168729898
sensor_053,4,0.0025526483726866626,4.592971209213052,0.05494962018310939,3.706,4.574,4.596,4.617,4.764,4.592872602739726,4.594368932038835,0.027222834319214777,0.027222834319214777
sensor_342,6,0.0038289725590299937,0.00028648302370275463,0.011318798885035097,0.0,0.0,0.0,0.0,0.4472,0.00030693205216197666,0.0,-0.02710894361232261,0.02710894361232261
sensor_347,6,0.0038289725590299937,0.008913965406790519,0.35218624965473616,0.0,0.0,0.0,0.0,13.9147,0.009550240219629375,0.0,-0.02710894361232261,0.02710894361232261
sensor_074,6,0.0038289725590299937,0.002687700192184497,0.10618967066673689,0.0,0.0,0.0,0.0,4.1955,0.0028795470144131778,0.0,-0.02710894361232261,0.02710894361232261
sensor_478,6,0.0038289725590299937,0.12812299807815503,5.062074635525537,0.0,0.0,0.0,0.0,200.0,0.13726835964310227,0.0,-0.02710894361232261,0.02710894361232261
sensor_206,6,0.0038289725590299937,0.0012812299807815502,0.05062074635525538,0.0,0.0,0.0,0.0,2.0,0.0013726835964310226,0.0,-0.027108943612322606,0.027108943612322606
sensor_209,6,0.0038289725590299937,0.02956438180653427,1.1680737221475166,0.0,0.0,0.0,0.0,46.15,0.03167467398764585,0.0,-0.027108943612322606,0.027108943612322606
sensor_444,1,0.0006381620931716656,0.8950427841634738,0.15552170737704213,0.3336,0.8048,0.9027000000000001,0.9888,1.3511,0.8953212038303693,0.8911288461538462,-0.02694873015497048,0.02694873015497048
sensor_490,1,0.0006381620931716656,51.35404521072797,18.048612145684256,13.7225,38.3911,48.55745,61.494725,142.8436,51.38633932968535,50.90006442307693,-0.026934506932906666,0.026934506932906666
sensor_283,2,0.0012763241863433313,2.8039842811501594,5.8643238075385336,0.505,2.2104,2.658,3.1462,232.8049,2.8144331964407936,2.6571971153846152,-0.026804337277001242,0.026804337277001242
sensor_252,0,0.0,4.645114869176771,64.35475571189654,0.7673,2.20565,2.8646,3.79505,2549.9885,4.758911893369788,3.0442971153846154,-0.026635249309867926,0.026635249309867926
sensor_459,1,0.0006381620931716656,2.838380140485313,1.3455762779675442,0.991,2.291175,2.83035,3.3092249999999996,47.7772,2.8360637482900133,2.8709432692307693,0.025913880107010123,0.025913880107010123
sensor_496,51,0.03254626675175495,29.865896437994724,24.62158630762343,4.8135,16.342299999999998,22.0391,32.438475,219.6436,29.90904232130219,29.274001941747574,-0.025784047115196912,0.025784047115196912
sensor_413,14,0.008934269304403318,25.61268969735995,47.30846281727361,4.0416,11.3758,20.2551,29.3073,899.119,25.693540579710145,24.48621923076923,-0.02551249462780149,0.02551249462780149
sensor_051,1,0.0006381620931716656,157.4209913154534,60.92510825477898,40.2614,115.508975,183.31815,206.97715,258.5432,157.32344671682628,158.79224326923077,0.024100961472455596,0.024100961472455596
sensor_583,1,0.0006381620931716656,0.015317752234993615,0.017179920787564994,0.006,0.0116,0.0138,0.0165,0.4766,0.015290355677154581,0.015702884615384615,0.024005028904572474,0.024005028904572474
sensor_012,2,0.0012763241863433313,199.9568092651757,3.2572756729454815,182.094,198.1307,199.5356,202.0071,272.0451,199.96199514031488,199.88395769230766,-0.02395065499260719,0.02395065499260719
sensor_162,2,0.0012763241863433313,4797.15463258786,6553.569317232143,0.0,451.0,1784.0,6384.0,36871.0,4807.294117647059,4653.233009708738,-0.02350085251442765,0.02350085251442765
sensor_524,0,0.0,5.687781620931717,20.663414187041248,1.3104,3.76965,4.8771,6.4506499999999996,818.0005,5.7199311688311685,5.235524038461539,-0.023435657247895127,0.023435657247895127
sensor_323,1,0.0006381620931716656,5.393419795657725,2.5188593358869564,1.7101,4.27295,5.4588,6.344875,89.1917,5.389573734610123,5.447486538461539,0.022984708570274612,0.022984708570274612
sensor_187,1,0.0006381620931716656,17.936289846743293,8.609911713011101,6.22,14.504999999999999,17.865000000000002,20.86,307.93,17.923194186046512,18.120384615384616,0.022895777944934605,0.022895777944934605
sensor_540,8,0.005105296745373325,1.9428280949326489,0.7319283271893036,0.6144,1.3853,1.7855,2.4583500000000003,4.0825,1.9417202061855672,1.9583278846153847,0.02268338772424186,0.02268338772424186
sensor_119,0,0.0,0.9707770899808551,0.00894856194452718,0.8411,0.9648,0.9694,0.9783,0.9827,0.9707637047163363,0.9709653846153846,0.022530845923589254,0.022530845923589254
sensor_148,2,0.0012763241863433313,8.471307923322684,18.740631069364888,1.4208,6.3599,7.9173,9.5853,742.9421,8.499317590691307,8.077825961538462,-0.02248395338075703,0.02248395338075703
sensor_584,1,0.0006381620931716656,0.0038465517241379307,0.0037204448855646523,0.0017,0.0031,0.0036,0.0041,0.1045,0.0038411764705882354,0.003922115384615385,0.02174853848254852,0.02174853848254852
sensor_077,24,0.015315890236119975,-0.007041412832145171,0.03136823307920039,-0.1046,-0.0295,-0.0099,0.00925,0.1331,-0.007087074357192495,-0.006409615384615385,0.0215902885233356,0.0215902885233356
sensor_274,14,0.008934269304403318,136.2924256922086,85.60778449225228,0.0,81.2156,110.6014,162.0382,659.1696,136.4140935127674,134.59726538461538,-0.02121615808566408,0.02121615808566408
sensor_421,2,0.0012763241863433313,4.174523514376997,6.913855226180046,0.7217,3.1842,3.9431,4.7843,273.0952,4.18410636550308,4.039902884615385,-0.020850786495230422,0.020850786495230422
sensor_552,260,0.16592214422463306,0.27668798775822495,0.27623064546809084,0.0187,0.0949,0.1979,0.35845,2.7182,0.2763167076167076,0.2819593023255814,0.02041955345298891,0.02041955345298891
sensor_585,1,0.0006381620931716656,3.067826372924649,3.5780331508705934,1.1975,2.3065,2.75765,3.295175,99.3032,3.0630234610123117,3.1353442307692303,0.020206234428246123,0.020206234428246123
sensor_361,0,0.0,39.93640625398851,17.056304026488174,10.7204,32.1687,39.6961,47.0792,547.1722,39.959004511278195,39.61850961538461,-0.01995686572331877,0.01995686572331877
sensor_287,3,0.0019144862795149968,0.3675292838874679,7.386342752978486,0.0513,0.114875,0.13895000000000002,0.19845,292.2274,0.3769925342465754,0.2346798076923077,-0.01926106582658929,0.01926106582658929
sensor_139,14,0.008934269304403318,416.76696374758535,263.30061396866864,0.0,243.786,339.561,502.2059,1770.6909,417.10420082815733,412.0683432692307,-0.01911994208579778,0.01911994208579778
sensor_152,3,0.0019144862795149968,1.1967331841432223,23.364062814247543,0.1544,0.37375,0.4687,0.679925,924.378,1.2254723287671234,0.7932798076923078,-0.018492452987212683,0.018492452987212683
sensor_432,2,0.0012763241863433313,99.36763265175719,126.18871499540556,0.0,31.0324,57.9693,120.1729,994.2857,99.21857818057455,101.48333786407768,0.01794184189332276,0.01794184189332276
sensor_549,260,0.16592214422463306,0.6632564651874522,0.6733457486710267,0.0446,0.22625,0.471,0.8503499999999999,7.0656,0.6624850122850122,0.6742093023255814,0.017405485770995783,0.017405485770995783
sensor_586,1,0.0006381620931716656,0.021458429118773943,0.012358175980665352,-0.0169,0.013425,0.0205,0.0276,0.1028,0.02144473324213406,0.02165096153846154,0.016682411661670123,0.016682411661670123
sensor_297,2,0.0012763241863433313,2342.82697827476,3226.9242979623277,0.0,210.9366,820.0988,3190.6164,18520.4683,2346.1918550615596,2295.0653291262133,-0.01583878903634514,0.01583878903634514
sensor_391,24,0.015315890236119975,0.010955994815294879,0.006737707837632237,0.0031,0.0083,0.0102,0.0124,0.1375,0.010949061848505906,0.011051923076923079,0.015261662573743492,0.015261662573743492
sensor_177,1,0.0006381620931716656,0.39475989782886334,0.2829029611812174,0.047,0.222,0.299,0.423,1.858,0.3950335157318741,0.39091346153846157,-0.014558931278226281,0.014558931278226281
sensor_448,1,0.0006381620931716656,0.3322701149425288,0.23627532761965628,0.0399,0.1877,0.2512,0.3511,1.4754,0.332493365253078,0.3291317307692307,-0.014223158395352093,0.014223158395352093
sensor_495,0,0.0,6.807825717932355,3.2600194416023847,1.772,5.2746,6.6079,7.8972,107.6926,6.810894736842105,6.764652884615385,-0.014180091476388636,0.014180091476388636
sensor_171,1,0.0006381620931716656,0.12006411238825032,0.06078486855133188,0.0089,0.0798,0.1125,0.1403,0.494,0.12000896032831737,0.12083942307692307,0.013658040388790463,0.013658040388790463
sensor_393,0,0.0,0.13398953414167197,0.03840849260500818,0.0342,0.1044,0.1339,0.1604,0.2994,0.1340237867395762,0.1335076923076923,-0.013432771696736791,0.013432771696736791
sensor_306,1,0.0006381620931716656,0.048623116219667945,0.025399957777037786,0.0034,0.0331,0.0448,0.0552,0.2246,0.04860047879616963,0.048941346153846155,0.013415783745059293,0.013415783745059293
sensor_320,1,0.0006381620931716656,0.04310491698595147,0.03188479233423949,0.0084,0.0312,0.03985,0.0502,0.9474,0.04307701778385773,0.043497115384615384,0.013171345759514178,0.013171345759514178
sensor_184,1,0.0006381620931716656,0.1448154533844189,0.11019771063307962,0.0297,0.1022,0.1326,0.16915,3.2283,0.14472188782489742,0.1461307692307692,0.012781012831053625,0.012781012831053625
sensor_312,1,0.0006381620931716656,0.16005083014048532,0.11731574841762066,0.0224,0.0915,0.1215,0.160175,0.7549,0.16014876880984952,0.15867403846153844,-0.012566653323659083,0.012566653323659083
sensor_350,24,0.015315890236119975,0.023202073882047956,0.01432565504901551,0.0029,0.0146,0.0188,0.0285,0.2914,0.02318999305072967,0.023369230769230767,0.01250766348989593,0.01250766348989593
sensor_367,6,0.0038289725590299937,0.003773286354900705,0.002699080570067803,0.0,0.0026,0.0032,0.0042,0.0357,0.003775497597803706,0.0037423076923076923,-0.012292860932789864,0.012292860932789864
sensor_566,273,0.1742182514358647,2.610869629057187,1.0327611589163015,0.4122,2.0902,2.15045,3.098725,14.0141,2.61009176276771,2.6226737499999997,0.012178203001752428,0.012178203001752428
sensor_015,3,0.0019144862795149968,413.08603542199484,17.221094563789936,333.4486,406.12739999999997,412.2191,419.089275,824.9271,413.0992897260274,412.8999653846153,-0.011570774211975252,0.011570774211975252
sensor_345,794,0.5067007019783025,7.958375808538164,17.51296529486415,1.7694,4.4406,5.567,6.8255,257.0106,7.975312907801418,7.7827779411764695,-0.010986783693354124,0.010986783693354124
sensor_346,794,0.5067007019783025,5.770211642949547,17.077498149928836,1.0177,2.5327,3.0464,4.0857,187.7589,5.786559574468085,5.600722058823529,-0.01087501209488662,0.01087501209488662
sensor_589,1,0.0006381620931716656,99.67006634738186,93.89191941652177,0.0,44.3686,71.9005,114.7497,737.3048,99.7364946648427,98.7362375,-0.010649916088289099,0.010649916088289099
sensor_001,7,0.004467134652201659,2495.850230769231,80.40770497881121,2158.75,2452.2475000000004,2499.4049999999997,2538.8225,2846.44,2495.906115305422,2495.059708737864,-0.010523095501226447,0.010523095501226447
sensor_289,3,0.0019144862795149968,2.5785959718670073,1.6169932742272342,0.396,2.0921250000000002,2.5490000000000004,3.024525,59.5187,2.5797009589041098,2.563083653846154,-0.010273414937560257,0.010273414937560257
sensor_036,1,0.0006381620931716656,49.417370498084296,1.1826188859654572,40.2289,49.4212,49.6036,49.74765,50.1652,49.41817017783858,49.40612884615385,-0.010178699878444327,0.010178699878444327
sensor_034,1,0.0006381620931716656,50.58263856960409,1.1826181758105365,49.8348,50.25235,50.3964,50.5788,59.7711,50.58183891928864,50.59387980769231,0.010178331276637944,0.010178331276637944
sensor_094,6,0.0038289725590299937,-2.9147982062780273e-05,0.0001741347967703349,-0.002,-0.0001,0.0,0.0001,0.0011,-2.9032258064516133e-05,-3.076923076923078e-05,-0.00997170755640658,0.00997170755640658
sensor_212,24,0.015315890236119975,0.05143208036292936,0.031577643814254805,0.0071,0.0325,0.0416,0.06245,0.5941,0.05141091035441279,0.05172500000000001,0.009943387891274707,0.009943387891274707
sensor_041,24,0.015315890236119975,3.3530661697990927,2.3604249902068566,-0.0759,2.69,3.074,3.521,37.88,3.351491869353718,3.374849038461538,0.009892144940090705,0.009892144940090705
sensor_016,3,0.0019144862795149968,9.907602813299233,2.403866634483626,4.4696,9.567625,9.85175,10.128175,102.8677,9.906091575342467,9.928818269230769,0.009451225476452415,0.009451225476452415
sensor_156,0,0.0,0.058088576898532224,0.0791744877182338,0.0111,0.036250000000000004,0.0487,0.0667,2.2016,0.05804313055365686,0.05872788461538462,0.0086459287879784,0.0086459287879784
sensor_039,1,0.0006381620931716656,118.67955440613028,1.8072208583386924,111.7128,118.0156,118.39930000000001,118.9396,133.3898,118.68057920656636,118.66514807692307,-0.00853588735382251,0.00853588735382251
sensor_071,6,0.0038289725590299937,104.32903344010249,31.651898740791477,21.4332,87.4842,102.6043,115.4989,238.4775,104.3462796156486,104.08742115384615,-0.008175687078517145,0.008175687078517145
sensor_570,0,0.0,530.5236234205488,17.49973601796463,317.1964,530.7027,532.3982,534.3564,589.5082,530.5313482570061,530.4149557692308,-0.006648984815682397,0.006648984815682397
sensor_308,1,0.0006381620931716656,0.21841424010217114,0.033593215620837266,0.0913,0.1976,0.21945,0.2379,0.3239,0.21842879616963062,0.21820961538461542,-0.006522478819242069,0.006522478819242069
sensor_154,3,0.0019144862795149968,7.697970907928389,5.239218953897178,1.2438,5.92695,7.5127,9.054675,191.5478,7.695783835616439,7.728674038461538,0.0062756911279747704,0.0062756911279747704
sensor_113,0,0.0,0.9454241863433311,0.01213287211602843,0.8534,0.9386,0.9464,0.9523,0.9763,0.94541989063568,0.9454846153846154,0.005332961270355841,0.005332961270355841
sensor_472,7,0.004467134652201659,137.8884057051282,47.698041338021866,11.4997,105.52515,138.25515000000001,168.410125,492.7718,137.87286449175824,138.1059826923077,0.004885810612221696,0.004885810612221696
sensor_223,0,0.0,122.84657102744097,55.15600267648893,32.2637,95.14735,119.436,144.5028,1768.8802,122.86227505126452,122.6256576923077,-0.004288598195056793,0.004288598195056793
sensor_002,14,0.008934269304403318,2200.5473177076624,29.513152057457155,2060.66,2181.0444,2201.0667,2218.0555,2315.2667,2200.5548855762595,2200.441876923077,-0.003827862623770621,0.003827862623770621
sensor_456,1,0.0006381620931716656,12.325685376756066,8.125875878592854,3.0489,8.816575,11.3509,14.3879,232.1258,12.323816894664844,12.351951923076923,0.003461294391938304,0.003461294391938304
sensor_427,3,0.0019144862795149968,4.058500831202046,3.0421444954151333,0.6637,3.113225,3.94145,4.76865,113.223,4.0578919178082185,4.067049038461539,0.0030091251198490028,0.0030091251198490028
sensor_108,6,0.0038289725590299937,-0.010788597053171044,0.08675776525146273,-0.3454,-0.0649,-0.0112,0.038,0.3938,-0.010804941660947151,-0.010559615384615388,0.0028268097248774285,0.0028268097248774285
sensor_105,6,0.0038289725590299937,-0.0004978859705317104,0.0032023291827482777,-0.0281,-0.0019,-0.0002,0.0011,0.0127,-0.0004982841455044612,-0.0004923076923076923,0.0018656851517461464,0.0018656851517461464
sensor_132,8,0.005105296745373325,2.3185446440025657,0.05318080353310863,2.1911,2.2773,2.3124,2.3583,2.4723,2.3185394501718215,2.3186173076923073,0.0014635456806489598,0.0014635456806489598
sensor_429,0,0.0,4.171843650287173,6.435390493557366,0.7837,2.5713999999999997,3.4538,4.7558,186.6164,4.1713712235133285,4.178489423076924,0.0011057490209403509,0.0011057490209403509
sensor_291,0,0.0,0.019926228462029356,0.02554882126842164,0.0038,0.0125,0.0169,0.0236,0.6915,0.01992617908407382,0.019926923076923078,2.911113815858925e-05,2.911113815858925e-05
sensor_005,14,0.008934269304403318,100.0,0.0,100.0,100.0,100.0,100.0,100.0,100.0,100.0,,
sensor_013,3,0.0019144862795149968,0.0,0.0,0.0,0.0,0.0,0.0,0.0,0.0,0.0,,
sensor_042,1,0.0006381620931716656,70.0,0.0,70.0,70.0,70.0,70.0,70.0,70.0,70.0,,
sensor_049,1,0.0006381620931716656,1.0,0.0,1.0,1.0,1.0,1.0,1.0,1.0,1.0,,
sensor_052,1,0.0006381620931716656,0.0,0.0,0.0,0.0,0.0,0.0,0.0,0.0,0.0,,
sensor_069,6,0.0038289725590299937,1.0,0.0,1.0,1.0,1.0,1.0,1.0,1.0,1.0,,
sensor_097,6,0.0038289725590299937,0.0,0.0,0.0,0.0,0.0,0.0,0.0,0.0,0.0,,
sensor_141,14,0.008934269304403318,0.0,0.0,0.0,0.0,0.0,0.0,0.0,0.0,0.0,,
sensor_149,3,0.0019144862795149968,0.0,0.0,0.0,0.0,0.0,0.0,0.0,0.0,0.0,,
sensor_178,24,0.015315890236119975,0.0,0.0,0.0,0.0,0.0,0.0,0.0,0.0,0.0,,
sensor_179,1,0.0006381620931716656,0.0,0.0,0.0,0.0,0.0,0.0,0.0,0.0,0.0,,
sensor_186,1,0.0006381620931716656,0.0,0.0,0.0,0.0,0.0,0.0,0.0,0.0,0.0,,
sensor_189,1,0.0006381620931716656,0.0,0.0,0.0,0.0,0.0,0.0,0.0,0.0,0.0,,
sensor_190,4,0.0025526483726866626,0.0,0.0,0.0,0.0,0.0,0.0,0.0,0.0,0.0,,
sensor_191,4,0.0025526483726866626,0.0,0.0,0.0,0.0,0.0,0.0,0.0,0.0,0.0,,
sensor_192,4,0.0025526483726866626,0.0,0.0,0.0,0.0,0.0,0.0,0.0,0.0,0.0,,
sensor_193,4,0.0025526483726866626,0.0,0.0,0.0,0.0,0.0,0.0,0.0,0.0,0.0,,
sensor_194,4,0.0025526483726866626,0.0,0.0,0.0,0.0,0.0,0.0,0.0,0.0,0.0,,
sensor_226,6,0.0038289725590299937,0.0,0.0,0.0,0.0,0.0,0.0,0.0,0.0,0.0,,
sensor_229,6,0.0038289725590299937,0.0,0.0,0.0,0.0,0.0,0.0,0.0,0.0,0.0,,
sensor_230,6,0.0038289725590299937,0.0,0.0,0.0,0.0,0.0,0.0,0.0,0.0,0.0,,
sensor_231,6,0.0038289725590299937,0.0,0.0,0.0,0.0,0.0,0.0,0.0,0.0,0.0,,
sensor_232,6,0.0038289725590299937,0.0,0.0,0.0,0.0,0.0,0.0,0.0,0.0,0.0,,
sensor_233,6,0.0038289725590299937,0.0,0.0,0.0,0.0,0.0,0.0,0.0,0.0,0.0,,
sensor_234,6,0.0038289725590299937,0.0,0.0,0.0,0.0,0.0,0.0,0.0,0.0,0.0,,
sensor_235,6,0.0038289725590299937,0.0,0.0,0.0,0.0,0.0,0.0,0.0,0.0,0.0,,
sensor_236,6,0.0038289725590299937,0.0,0.0,0.0,0.0,0.0,0.0,0.0,0.0,0.0,,
sensor_237,6,0.0038289725590299937,0.0,0.0,0.0,0.0,0.0,0.0,0.0,0.0,0.0,,
sensor_240,6,0.0038289725590299937,0.0,0.0,0.0,0.0,0.0,0.0,0.0,0.0,0.0,,
sensor_241,6,0.0038289725590299937,0.0,0.0,0.0,0.0,0.0,0.0,0.0,0.0,0.0,,
sensor_242,6,0.0038289725590299937,0.0,0.0,0.0,0.0,0.0,0.0,0.0,0.0,0.0,,
sensor_243,6,0.0038289725590299937,0.0,0.0,0.0,0.0,0.0,0.0,0.0,0.0,0.0,,
sensor_256,9,0.00574345883854499,0.0,0.0,0.0,0.0,0.0,0.0,0.0,0.0,0.0,,
sensor_257,9,0.00574345883854499,0.0,0.0,0.0,0.0,0.0,0.0,0.0,0.0,0.0,,
sensor_258,9,0.00574345883854499,0.0,0.0,0.0,0.0,0.0,0.0,0.0,0.0,0.0,,
sensor_259,9,0.00574345883854499,0.0,0.0,0.0,0.0,0.0,0.0,0.0,0.0,0.0,,
sensor_260,9,0.00574345883854499,0.0,0.0,0.0,0.0,0.0,0.0,0.0,0.0,0.0,,
sensor_261,9,0.00574345883854499,0.0,0.0,0.0,0.0,0.0,0.0,0.0,0.0,0.0,,
sensor_262,9,0.00574345883854499,0.0,0.0,0.0,0.0,0.0,0.0,0.0,0.0,0.0,,
sensor_263,9,0.00574345883854499,0.0,0.0,0.0,0.0,0.0,0.0,0.0,0.0,0.0,,
sensor_264,9,0.00574345883854499,0.0,0.0,0.0,0.0,0.0,0.0,0.0,0.0,0.0,,
sensor_265,9,0.00574345883854499,0.0,0.0,0.0,0.0,0.0,0.0,0.0,0.0,0.0,,
sensor_266,9,0.00574345883854499,0.0,0.0,0.0,0.0,0.0,0.0,0.0,0.0,0.0,,
sensor_276,14,0.008934269304403318,0.0,0.0,0.0,0.0,0.0,0.0,0.0,0.0,0.0,,
sensor_284,3,0.0019144862795149968,0.0,0.0,0.0,0.0,0.0,0.0,0.0,0.0,0.0,,
sensor_313,24,0.015315890236119975,0.0,0.0,0.0,0.0,0.0,0.0,0.0,0.0,0.0,,
sensor_314,24,0.015315890236119975,0.0,0.0,0.0,0.0,0.0,0.0,0.0,0.0,0.0,,
sensor_315,1,0.0006381620931716656,0.0,0.0,0.0,0.0,0.0,0.0,0.0,0.0,0.0,,
sensor_322,1,0.0006381620931716656,0.0,0.0,0.0,0.0,0.0,0.0,0.0,0.0,0.0,,
sensor_325,1,0.0006381620931716656,0.0,0.0,0.0,0.0,0.0,0.0,0.0,0.0,0.0,,
sensor_326,4,0.0025526483726866626,0.0,0.0,0.0,0.0,0.0,0.0,0.0,0.0,0.0,,
sensor_327,4,0.0025526483726866626,0.0,0.0,0.0,0.0,0.0,0.0,0.0,0.0,0.0,,
sensor_328,4,0.0025526483726866626,0.0,0.0,0.0,0.0,0.0,0.0,0.0,0.0,0.0,,
sensor_329,4,0.0025526483726866626,0.0,0.0,0.0,0.0,0.0,0.0,0.0,0.0,0.0,,
sensor_330,4,0.0025526483726866626,0.0,0.0,0.0,0.0,0.0,0.0,0.0,0.0,0.0,,
sensor_364,6,0.0038289725590299937,0.0,0.0,0.0,0.0,0.0,0.0,0.0,0.0,0.0,,
sensor_369,6,0.0038289725590299937,0.0,0.0,0.0,0.0,0.0,0.0,0.0,0.0,0.0,,
sensor_370,6,0.0038289725590299937,0.0,0.0,0.0,0.0,0.0,0.0,0.0,0.0,0.0,,
sensor_371,6,0.0038289725590299937,0.0,0.0,0.0,0.0,0.0,0.0,0.0,0.0,0.0,,
sensor_372,6,0.0038289725590299937,0.0,0.0,0.0,0.0,0.0,0.0,0.0,0.0,0.0,,
sensor_373,6,0.0038289725590299937,0.0,0.0,0.0,0.0,0.0,0.0,0.0,0.0,0.0,,
sensor_374,6,0.0038289725590299937,0.0,0.0,0.0,0.0,0.0,0.0,0.0,0.0,0.0,,
sensor_375,6,0.0038289725590299937,0.0,0.0,0.0,0.0,0.0,0.0,0.0,0.0,0.0,,
sensor_378,6,0.0038289725590299937,0.0,0.0,0.0,0.0,0.0,0.0,0.0,0.0,0.0,,
sensor_379,6,0.0038289725590299937,0.0,0.0,0.0,0.0,0.0,0.0,0.0,0.0,0.0,,
sensor_380,6,0.0038289725590299937,0.0,0.0,0.0,0.0,0.0,0.0,0.0,0.0,0.0,,
sensor_381,6,0.0038289725590299937,0.0,0.0,0.0,0.0,0.0,0.0,0.0,0.0,0.0,,
sensor_394,9,0.00574345883854499,0.0,0.0,0.0,0.0,0.0,0.0,0.0,0.0,0.0,,
sensor_395,9,0.00574345883854499,0.0,0.0,0.0,0.0,0.0,0.0,0.0,0.0,0.0,,
sensor_396,9,0.00574345883854499,0.0,0.0,0.0,0.0,0.0,0.0,0.0,0.0,0.0,,
sensor_397,9,0.00574345883854499,0.0,0.0,0.0,0.0,0.0,0.0,0.0,0.0,0.0,,
sensor_398,9,0.00574345883854499,0.0,0.0,0.0,0.0,0.0,0.0,0.0,0.0,0.0,,
sensor_399,9,0.00574345883854499,0.0,0.0,0.0,0.0,0.0,0.0,0.0,0.0,0.0,,
sensor_400,9,0.00574345883854499,0.0,0.0,0.0,0.0,0.0,0.0,0.0,0.0,0.0,,
sensor_401,9,0.00574345883854499,0.0,0.0,0.0,0.0,0.0,0.0,0.0,0.0,0.0,,
sensor_402,9,0.00574345883854499,0.0,0.0,0.0,0.0,0.0,0.0,0.0,0.0,0.0,,
sensor_403,9,0.00574345883854499,0.0,0.0,0.0,0.0,0.0,0.0,0.0,0.0,0.0,,
sensor_404,9,0.00574345883854499,0.0,0.0,0.0,0.0,0.0,0.0,0.0,0.0,0.0,,
sensor_414,14,0.008934269304403318,0.0,0.0,0.0,0.0,0.0,0.0,0.0,0.0,0.0,,
sensor_422,3,0.0019144862795149968,0.0,0.0,0.0,0.0,0.0,0.0,0.0,0.0,0.0,,
sensor_449,24,0.015315890236119975,0.0,0.0,0.0,0.0,0.0,0.0,0.0,0.0,0.0,,
sensor_450,24,0.015315890236119975,0.0,0.0,0.0,0.0,0.0,0.0,0.0,0.0,0.0,,
sensor_451,1,0.0006381620931716656,0.0,0.0,0.0,0.0,0.0,0.0,0.0,0.0,0.0,,
sensor_458,1,0.0006381620931716656,0.0,0.0,0.0,0.0,0.0,0.0,0.0,0.0,0.0,,
sensor_461,1,0.0006381620931716656,0.0,0.0,0.0,0.0,0.0,0.0,0.0,0.0,0.0,,
sensor_462,4,0.0025526483726866626,0.0,0.0,0.0,0.0,0.0,0.0,0.0,0.0,0.0,,
sensor_463,4,0.0025526483726866626,0.0,0.0,0.0,0.0,0.0,0.0,0.0,0.0,0.0,,
sensor_464,4,0.0025526483726866626,0.0,0.0,0.0,0.0,0.0,0.0,0.0,0.0,0.0,,
sensor_465,4,0.0025526483726866626,0.0,0.0,0.0,0.0,0.0,0.0,0.0,0.0,0.0,,
sensor_466,4,0.0025526483726866626,0.0,0.0,0.0,0.0,0.0,0.0,0.0,0.0,0.0,,
sensor_481,6,0.0038289725590299937,0.0,0.0,0.0,0.0,0.0,0.0,0.0,0.0,0.0,,
sensor_498,6,0.0038289725590299937,0.0,0.0,0.0,0.0,0.0,0.0,0.0,0.0,0.0,,
sensor_501,6,0.0038289725590299937,0.0,0.0,0.0,0.0,0.0,0.0,0.0,0.0,0.0,,
sensor_502,6,0.0038289725590299937,0.0,0.0,0.0,0.0,0.0,0.0,0.0,0.0,0.0,,
sensor_503,6,0.0038289725590299937,0.0,0.0,0.0,0.0,0.0,0.0,0.0,0.0,0.0,,
sensor_504,6,0.0038289725590299937,0.0,0.0,0.0,0.0,0.0,0.0,0.0,0.0,0.0,,
sensor_505,6,0.0038289725590299937,0.0,0.0,0.0,0.0,0.0,0.0,0.0,0.0,0.0,,
sensor_506,6,0.0038289725590299937,0.0,0.0,0.0,0.0,0.0,0.0,0.0,0.0,0.0,,
sensor_507,6,0.0038289725590299937,0.0,0.0,0.0,0.0,0.0,0.0,0.0,0.0,0.0,,
sensor_508,6,0.0038289725590299937,0.0,0.0,0.0,0.0,0.0,0.0,0.0,0.0,0.0,,
sensor_509,6,0.0038289725590299937,0.0,0.0,0.0,0.0,0.0,0.0,0.0,0.0,0.0,,
sensor_512,6,0.0038289725590299937,0.0,0.0,0.0,0.0,0.0,0.0,0.0,0.0,0.0,,
sensor_513,6,0.0038289725590299937,0.0,0.0,0.0,0.0,0.0,0.0,0.0,0.0,0.0,,
sensor_514,6,0.0038289725590299937,0.0,0.0,0.0,0.0,0.0,0.0,0.0,0.0,0.0,,
sensor_515,6,0.0038289725590299937,0.0,0.0,0.0,0.0,0.0,0.0,0.0,0.0,0.0,,
sensor_528,9,0.00574345883854499,0.0,0.0,0.0,0.0,0.0,0.0,0.0,0.0,0.0,,
sensor_529,9,0.00574345883854499,0.0,0.0,0.0,0.0,0.0,0.0,0.0,0.0,0.0,,
sensor_530,9,0.00574345883854499,0.0,0.0,0.0,0.0,0.0,0.0,0.0,0.0,0.0,,
sensor_531,9,0.00574345883854499,0.0,0.0,0.0,0.0,0.0,0.0,0.0,0.0,0.0,,
sensor_532,9,0.00574345883854499,0.0,0.0,0.0,0.0,0.0,0.0,0.0,0.0,0.0,,
sensor_533,9,0.00574345883854499,0.0,0.0,0.0,0.0,0.0,0.0,0.0,0.0,0.0,,
sensor_534,9,0.00574345883854499,0.0,0.0,0.0,0.0,0.0,0.0,0.0,0.0,0.0,,
sensor_535,9,0.00574345883854499,0.0,0.0,0.0,0.0,0.0,0.0,0.0,0.0,0.0,,
sensor_536,9,0.00574345883854499,0.0,0.0,0.0,0.0,0.0,0.0,0.0,0.0,0.0,,
sensor_537,9,0.00574345883854499,0.0,0.0,0.0,0.0,0.0,0.0,0.0,0.0,0.0,,
sensor_538,9,0.00574345883854499,0.0,0.0,0.0,0.0,0.0,0.0,0.0,0.0,0.0,,
